[{"name":"theme_info","settings":[{"type":"header","content":"Icon Shopify theme"},{"type":"paragraph","content":"v5"},{"type":"paragraph","content":"See the theme [documentation](http:\/\/www.shopifythemes.net\/collections\/shopify-themes\/products\/icon) or [check out the support docs](http:\/\/support.undergroundmedia.co.uk). If you need to reach us please use our [support site](http:\/\/support.undergroundmedia.co.uk) or [email us](mailto:create@undergroundmedia.co.uk)"}]},{"name":"Header","settings":[{"type":"checkbox","id":"full-width-header","label":"Make header full screen width"},{"type":"header","content":"Top banner message"},{"type":"checkbox","id":"enable_banner","label":"Show"},{"type":"text","id":"banner_message","label":"Text","info":"Use basic HTML to format text"},{"type":"header","content":"Logo"},{"type":"checkbox","id":"use_logo_image","label":"Use custom logo"},{"type":"image","id":"logo.png","label":"Logo image","max-width":500,"info":"500 x 225px .png recommended"},{"type":"header","content":"Favicon"},{"type":"image","id":"favicon.png","label":"Favicon image","info":"32 x 32px .png"},{"type":"checkbox","id":"header-border","label":"Show 1px border beneath sticky header"}]},{"name":"Colors","settings":[{"type":"header","content":"Password page"},{"type":"paragraph","content":"[Add a coming soon message for your customers.](\/admin\/online_store\/preferences)"},{"type":"select","id":"password_bg","label":"Show background image","options":[{"value":"no_password_bg","label":"No"},{"value":"yes","label":"Yes"}]},{"type":"image","id":"password-page-background.jpg","label":"Background image"},{"type":"header","content":"Full site"},{"type":"select","id":"bg","label":"Use a background image","options":[{"value":"no_bg","label":"No"},{"value":"yes","label":"Yes"}]},{"type":"image","id":"background.jpg","label":"Image"},{"type":"select","id":"background-position","label":"Position","options":[{"value":"left top","label":"left top"},{"value":"left center","label":"left center"},{"value":"left bottom","label":"left bottom"},{"value":"right top","label":"right top"},{"value":"right center","label":"right center"},{"value":"right bottom","label":"right bottom"},{"value":"center top","label":"center top"},{"value":"center center","label":"center center"},{"value":"center bottom","label":"center bottom"}]},{"type":"select","id":"background-repeat","label":"Repeat","options":[{"value":"no-repeat","label":"No repeat"},{"value":"repeat","label":"repeat"},{"value":"repeat-x","label":"horizontal repeat only"},{"value":"repeat-y","label":"vertical repeat only"}],"info":"Allow the image to repeat across the page"},{"type":"color","id":"background","label":"Background color","default":"#000000"},{"type":"color","id":"dotted_color","label":"Borders","default":"#d5d5d5"},{"type":"header","content":"Header"},{"type":"color","id":"logo-color","label":"Logo text","default":"#000000"},{"type":"color","id":"banner_background","label":"Top banner background","default":"#000000"},{"type":"color","id":"banner_color","label":"Top banner text","default":"#000000","info":"Set text color for banner message"},{"type":"header","content":"Home page sticky header"},{"type":"paragraph","content":"This allows you to give the homepage a different header color from the rest of the site. Take some time to familiarize yourself with these options and what they do."},{"type":"paragraph","content":"Visit our [theme instructions pages](http:\/\/support.undergroundmedia.co.uk\/customer\/portal\/articles\/1695132-sticky-header)"},{"type":"color","id":"homepage-header-pre-scroll-background","label":"Home page header pre-scroll background","default":"#000000"},{"type":"color","id":"homepage-header-background","label":"Home page header scrolling background","default":"#000000"},{"type":"color","id":"homepage-pre-scroll-navigation-color","label":"Home page pre-scroll navigation links","default":"#fff"},{"type":"color","id":"homepage-pre-scroll-navigation-color-hover","label":"Home page pre-scroll navigation link hover","default":"#fff"},{"type":"color","id":"homepage-navigation-color","label":"Home page scrolling navigation link","default":"#fff"},{"type":"color","id":"homepage-navigation-color-hover","label":"Home page scrolling navigation link hover","default":"#fff"},{"type":"header","content":"Sticky header - rest of Site"},{"type":"color","id":"homepage-header-pre-scroll-background-ros","label":"Header pre-scroll background","default":"#000000"},{"type":"color","id":"homepage-header-background-ros","label":"Header scrolling background","default":"#000000"},{"type":"color","id":"homepage-pre-scroll-navigation-color-ros","label":"Pre-scroll navigation links","default":"#fff"},{"type":"color","id":"homepage-pre-scroll-navigation-color-hover-ros","label":"Pre-scroll navigation link hover","default":"#fff"},{"type":"color","id":"homepage-pre-scroll-navigation-active-ros","label":"Pre-scroll navigation current link","default":"#fff"},{"type":"color","id":"homepage-navigation-color-ros","label":"scrolling navigation link","default":"#fff"},{"type":"color","id":"homepage-navigation-color-hover-ros","label":"Scrolling navigation link hover","default":"#fff"},{"type":"header","content":"Site text"},{"type":"color","id":"header-color","label":"Page titles and sub headings","default":"#000000"},{"type":"color","id":"text_color","label":"Body text","default":"#000000"},{"type":"color","id":"link_color","label":"Links","default":"#000000"},{"type":"color","id":"link_hover_color","label":"Link hover","default":"#000000"},{"type":"header","content":"Home page slideshow"},{"type":"color","id":"slide-title-color","label":"Slideshow titles","default":"#000000"},{"type":"color","id":"caption-color","label":"Slideshow captions","default":"#000000"},{"type":"color","id":"caption-background","label":"Slideshow caption background","default":"#000000"},{"type":"checkbox","id":"caption-rgba","label":"Use RGBA color"},{"type":"text","id":"caption-rgba-color","label":"Caption rgba color","default":"255,255,255,0.4","info":"Example 255,255,255,0.4"},{"type":"color","id":"cta_color","label":"Slideshow button text","default":"#000000"},{"type":"color","id":"cta_color_hover","label":"Slideshow button text hover","default":"#000000"},{"type":"color","id":"cta_background","label":"Slideshow button background","default":"#000000"},{"type":"color","id":"cta_background_hover","label":"Slideshow button background hover","default":"#000000"},{"type":"header","content":"Home page sections"},{"type":"color","id":"section-title-border-color","label":"Section title border color","default":"#000"},{"type":"color","id":"homepage-collection-title-color","label":"Featured products title","default":"#fff"},{"type":"color","id":"homepage-collection-background","label":"Featured products background","default":"#fff"},{"type":"color","id":"promo-title-color","label":"Featured images title","default":"#fff"},{"type":"color","id":"promo-background-color","label":"Featured images background","default":"#fff"},{"type":"color","id":"homepage-collect-title-color","label":"Featured collections title","default":"#fff"},{"type":"color","id":"homepage-collect-background","label":"Featured collections background","default":"#fff"},{"type":"color","id":"homepage-blog-color","label":"Featured blog title","default":"#000"},{"type":"color","id":"homepage-blog-background","label":"Featured blog background","default":"#fff"},{"type":"color","id":"homepage-social-color","label":"Featured social title","default":"#000"},{"type":"color","id":"homepage-social-background","label":"Featured social background","default":"#fff"},{"type":"color","id":"instagram-title-color","label":"Instagram title color","default":"#fff"},{"type":"color","id":"instagram-background-color","label":"Instagram background color","default":"#fff"},{"type":"header","content":"Buttons"},{"type":"color","id":"button_color","label":"Primary buttons","default":"#000000","info":"Add to Cart, Submit, Update"},{"type":"color","id":"button_text","label":"Primary button text","default":"#000000"},{"type":"color","id":"button_hover","label":"Primary button hover background","default":"#000000"},{"type":"header","content":"Secondary buttons"},{"type":"color","id":"read-more-background","label":"Secondary button backgound","default":"#000000"},{"type":"color","id":"read-more-hover-background","label":"Button hover background","default":"#000000"},{"type":"color","id":"read-more-link-color","label":"Secondary button text","default":"#000000"},{"type":"color","id":"read-more-link-hover-color","label":"Secondary button hover text","default":"#000000"},{"type":"header","content":"Social sharing icons"},{"type":"color","id":"icons","label":"Icon","default":"#000000"},{"type":"color","id":"icons-hover","label":"Icon hover","default":"#000000"},{"type":"header","content":"Product List"},{"type":"color","id":"sale-color","label":"Sale price","default":"#d5d5d5"},{"type":"color","id":"prod-qv-background","label":"Quick view button background","default":"#d5d5d5"},{"type":"color","id":"prod-qv-text","label":"Quick view button text","default":"#d5d5d5"},{"type":"color","id":"prod-qv-background-hover","label":"Quick view button hover","default":"#d5d5d5"},{"type":"color","id":"prod-qv-text-hover","label":"Quick view button text hover","default":"#d5d5d5"},{"type":"header","content":"Product icons"},{"type":"color","id":"new-background","label":"New icon background","default":"#000000"},{"type":"color","id":"new-color","label":"New icon text","default":"#000000"},{"type":"color","id":"sale-icon-background","label":"Sale icon background","default":"#000000"},{"type":"color","id":"sale-icon-color","label":"Sale icon text","default":"#000000"},{"type":"color","id":"so-background","label":"Sold out icon background","default":"#000000"},{"type":"color","id":"so-color","label":"Sold out icon text","default":"#000000"},{"type":"header","content":"Product page"},{"type":"color","id":"product-note-color","label":"Product note text color","default":"#000000"},{"type":"color","id":"product-note-background","label":"Product note background","default":"#f8f8f8"},{"type":"header","content":"Footer"},{"type":"color","id":"footer_border","label":"Footer border","default":"#ffffff"},{"type":"color","id":"footer_background","label":"Footer background","default":"#ffffff"},{"type":"color","id":"footer_title_color","label":"Footer titles","default":"#ffffff"},{"type":"color","id":"footer_text","label":"Footer text","default":"#ffffff"},{"type":"color","id":"footer_link_color","label":"Footer links","default":"#ffffff"},{"type":"color","id":"footer_link_hover","label":"Footer link hover","default":"#ffffff"},{"type":"color","id":"footer_icons_color","label":"Footer icons","default":"#ffffff"},{"type":"color","id":"footer_icons_hover_color","label":"Footer icons hover","default":"#ffffff"},{"type":"color","id":"footer_input","label":"Footer newsletter input background","default":"#ffffff"},{"type":"color","id":"footer_input_text","label":"Footer newsletter input text","default":"#ffffff"},{"type":"color","id":"footer_button","label":"Footer submit button background","default":"#ffffff"},{"type":"color","id":"footer_button_hover","label":"Footer submit button hover background","default":"#ffffff"},{"type":"color","id":"footer_button_text","label":"Footer submit button text","default":"#ffffff"},{"type":"color","id":"footer_button_text_hover","label":"Footer submit button hover text","default":"#ffffff"}]},{"name":"Typography","settings":[{"type":"select","id":"banner_size","label":"Top banner Size","options":[{"value":"20px","label":"20px"},{"value":"19px","label":"19px"},{"value":"18px","label":"18px"},{"value":"17px","label":"17px"},{"value":"16px","label":"16px"},{"value":"15px","label":"15px"},{"value":"14px","label":"14px"},{"value":"13px","label":"13px"},{"value":"12px","label":"12px"},{"value":"11px","label":"11px"},{"value":"10px","label":"10px"}]},{"type":"select","id":"banner_font","label":"Banner font","options":[{"value":"'Century Gothic', Helvetica, Arial, sans-serif","label":"Century Gothic","group":"Sans-serif"},{"value":"'Helvetica Neue', Helvetica, Arial, sans-serif","label":"Helvetica\/Arial","group":"Sans-serif"},{"value":"Impact, Charcoal, Helvetica, Arial, sans-serif","label":"Impact","group":"Sans-serif"},{"value":"'Lucida Grande', 'Lucida Sans Unicode', 'Lucida Sans', Lucida, Helvetica, Arial, sans-serif","label":"Lucida Grande","group":"Sans-serif"},{"value":"Trebuchet MS, sans-serif","label":"Trebuchet MS","group":"Sans-serif"},{"value":"Verdana, Helvetica, Arial, sans-serif","label":"Verdana","group":"Sans-serif"},{"value":"Garamond, Baskerville, Caslon, serif","label":"Garamond","group":"Serif"},{"value":"Georgia, Utopia, 'Times New Roman', Times, serif","label":"Georgia","group":"Serif"},{"value":"Palatino, 'Palatino Linotype', 'Book Antiqua', serif","label":"Palatino","group":"Serif"},{"value":"'Times New Roman', Times, serif","label":"Times New Roman","group":"Serif"},{"value":"'Courier New', Courier, monospace","label":"Courier New","group":"Monospace"},{"value":"Monaco, 'Lucida Console', 'DejaVu Sans Mono', monospace","label":"Monaco\/Lucida Console","group":"Monospace"},{"value":"'Arvo', serif","label":"Arvo","group":"Google Web Fonts"},{"value":"'Glegoo', serif","label":"Glegoo","group":"Google Web Fonts"},{"value":"'Josefin Sans', sans-serif","label":"Josefin Sans","group":"Google Web Fonts"},{"value":"'Lato', sans-serif","label":"Lato","group":"Google Web Fonts"},{"value":"'Lobster', cursive","label":"Lobster","group":"Google Web Fonts"},{"value":"'Lobster Two', cursive","label":"Lobster Two","group":"Google Web Fonts"},{"value":"'Montserrat', sans-serif","label":"Monserrat","group":"Google Web Fonts"},{"value":"'Noticia Text', serif","label":"Noticia Text","group":"Google Web Fonts"},{"value":"'Open Sans', sans-serif","label":"Open Sans","group":"Google Web Fonts"},{"value":"'Open Sans Condensed', sans-serif","label":"Open Sans Condensed","group":"Google Web Fonts"},{"value":"'Oswald', sans-serif","label":"Oswald","group":"Google Web Fonts"},{"value":"'PT Sans', sans-serif","label":"PT Sans","group":"Google Web Fonts"},{"value":"'PT Sans Narrow', sans-serif","label":"PT Sans Narrow","group":"Google Web Fonts"},{"value":"'Questrial', sans-serif","label":"Questrial","group":"Google Web Fonts"},{"value":"'Raleway', sans-serif","label":"Raleway","group":"Google Web Fonts"},{"value":"'Roboto', sans-serif;","label":"Roboto","group":"Google Web Fonts"},{"value":"'Source Sans Pro', sans-serif","label":"Source Sans","group":"Google Web Fonts"}],"default":"'Helvetica Neue', Helvetica, Arial, sans-serif"},{"type":"select","id":"logo-font","label":"Logo font","options":[{"value":"'Century Gothic', Helvetica, Arial, sans-serif","label":"Century Gothic","group":"Sans-serif"},{"value":"'Helvetica Neue', Helvetica, Arial, sans-serif","label":"Helvetica\/Arial","group":"Sans-serif"},{"value":"Impact, Charcoal, Helvetica, Arial, sans-serif","label":"Impact","group":"Sans-serif"},{"value":"'Lucida Grande', 'Lucida Sans Unicode', 'Lucida Sans', Lucida, Helvetica, Arial, sans-serif","label":"Lucida Grande","group":"Sans-serif"},{"value":"Trebuchet MS, sans-serif","label":"Trebuchet MS","group":"Sans-serif"},{"value":"Verdana, Helvetica, Arial, sans-serif","label":"Verdana","group":"Sans-serif"},{"value":"Garamond, Baskerville, Caslon, serif","label":"Garamond","group":"Serif"},{"value":"Georgia, Utopia, 'Times New Roman', Times, serif","label":"Georgia","group":"Serif"},{"value":"Palatino, 'Palatino Linotype', 'Book Antiqua', serif","label":"Palatino","group":"Serif"},{"value":"'Times New Roman', Times, serif","label":"Times New Roman","group":"Serif"},{"value":"'Courier New', Courier, monospace","label":"Courier New","group":"Monospace"},{"value":"Monaco, 'Lucida Console', 'DejaVu Sans Mono', monospace","label":"Monaco\/Lucida Console","group":"Monospace"},{"value":"'Arvo', serif","label":"Arvo","group":"Google Web Fonts"},{"value":"'Glegoo', serif","label":"Glegoo","group":"Google Web Fonts"},{"value":"'Josefin Sans', sans-serif","label":"Josefin Sans","group":"Google Web Fonts"},{"value":"'Lato', sans-serif","label":"Lato","group":"Google Web Fonts"},{"value":"'Lobster', cursive","label":"Lobster","group":"Google Web Fonts"},{"value":"'Lobster Two', cursive","label":"Lobster Two","group":"Google Web Fonts"},{"value":"'Montserrat', sans-serif","label":"Monserrat","group":"Google Web Fonts"},{"value":"'Noticia Text', serif","label":"Noticia Text","group":"Google Web Fonts"},{"value":"'Open Sans', sans-serif","label":"Open Sans","group":"Google Web Fonts"},{"value":"'Open Sans Condensed', sans-serif","label":"Open Sans Condensed","group":"Google Web Fonts"},{"value":"'Oswald', sans-serif","label":"Oswald","group":"Google Web Fonts"},{"value":"'PT Sans', sans-serif","label":"PT Sans","group":"Google Web Fonts"},{"value":"'PT Sans Narrow', sans-serif","label":"PT Sans Narrow","group":"Google Web Fonts"},{"value":"'Questrial', sans-serif","label":"Questrial","group":"Google Web Fonts"},{"value":"'Raleway', sans-serif","label":"Raleway","group":"Google Web Fonts"},{"value":"'Roboto', sans-serif;","label":"Roboto","group":"Google Web Fonts"},{"value":"'Source Sans Pro', sans-serif","label":"Source Sans","group":"Google Web Fonts"}],"default":"'Helvetica Neue', Helvetica, Arial, sans-serif"},{"type":"select","id":"logo-size","label":"Logo text size","options":[{"value":"36px","label":"36px"},{"value":"34px","label":"34px"},{"value":"32px","label":"32px"},{"value":"30px","label":"30px"},{"value":"28px","label":"28px"},{"value":"26px","label":"26px"},{"value":"24px","label":"24px"},{"value":"22px","label":"22px"},{"value":"20px","label":"20px"},{"value":"18px","label":"18px"},{"value":"16px","label":"16px"},{"value":"14px","label":"14px"},{"value":"12px","label":"12px"}]},{"type":"select","id":"logo-transform","label":"Logo text case","options":[{"value":"uppercase","label":"Uppercase"},{"value":"none","label":"Normal"}]},{"type":"select","id":"logo-weight","label":"Logo text weight","options":[{"value":"400","label":"Normal"},{"value":"300","label":"Light"},{"value":"700","label":"Bold"}]},{"type":"select","id":"font","label":"Main font","options":[{"value":"'Century Gothic', Helvetica, Arial, sans-serif","label":"Century Gothic","group":"Sans-serif"},{"value":"'Helvetica Neue', Helvetica, Arial, sans-serif","label":"Helvetica\/Arial","group":"Sans-serif"},{"value":"Impact, Charcoal, Helvetica, Arial, sans-serif","label":"Impact","group":"Sans-serif"},{"value":"'Lucida Grande', 'Lucida Sans Unicode', 'Lucida Sans', Lucida, Helvetica, Arial, sans-serif","label":"Lucida Grande","group":"Sans-serif"},{"value":"Trebuchet MS, sans-serif","label":"Trebuchet MS","group":"Sans-serif"},{"value":"Verdana, Helvetica, Arial, sans-serif","label":"Verdana","group":"Sans-serif"},{"value":"Garamond, Baskerville, Caslon, serif","label":"Garamond","group":"Serif"},{"value":"Georgia, Utopia, 'Times New Roman', Times, serif","label":"Georgia","group":"Serif"},{"value":"Palatino, 'Palatino Linotype', 'Book Antiqua', serif","label":"Palatino","group":"Serif"},{"value":"'Times New Roman', Times, serif","label":"Times New Roman","group":"Serif"},{"value":"'Courier New', Courier, monospace","label":"Courier New","group":"Monospace"},{"value":"Monaco, 'Lucida Console', 'DejaVu Sans Mono', monospace","label":"Monaco\/Lucida Console","group":"Monospace"},{"value":"'Arvo', serif","label":"Arvo","group":"Google Web Fonts"},{"value":"'Glegoo', serif","label":"Glegoo","group":"Google Web Fonts"},{"value":"'Josefin Sans', sans-serif","label":"Josefin Sans","group":"Google Web Fonts"},{"value":"'Lato', sans-serif","label":"Lato","group":"Google Web Fonts"},{"value":"'Lobster', cursive","label":"Lobster","group":"Google Web Fonts"},{"value":"'Lobster Two', cursive","label":"Lobster Two","group":"Google Web Fonts"},{"value":"'Montserrat', sans-serif","label":"Monserrat","group":"Google Web Fonts"},{"value":"'Noticia Text', serif","label":"Noticia Text","group":"Google Web Fonts"},{"value":"'Open Sans', sans-serif","label":"Open Sans","group":"Google Web Fonts"},{"value":"'Open Sans Condensed', sans-serif","label":"Open Sans Condensed","group":"Google Web Fonts"},{"value":"'Oswald', sans-serif","label":"Oswald","group":"Google Web Fonts"},{"value":"'PT Sans', sans-serif","label":"PT Sans","group":"Google Web Fonts"},{"value":"'PT Sans Narrow', sans-serif","label":"PT Sans Narrow","group":"Google Web Fonts"},{"value":"'Questrial', sans-serif","label":"Questrial","group":"Google Web Fonts"},{"value":"'Raleway', sans-serif","label":"Raleway","group":"Google Web Fonts"},{"value":"'Roboto', sans-serif;","label":"Roboto","group":"Google Web Fonts"},{"value":"'Source Sans Pro', sans-serif","label":"Source Sans","group":"Google Web Fonts"}],"default":"'Helvetica Neue', Helvetica, Arial, sans-serif"},{"type":"select","id":"headings_font","label":"Page titles and sub headings","options":[{"value":"'Century Gothic', Helvetica, Arial, sans-serif","label":"Century Gothic","group":"Sans-serif"},{"value":"'Helvetica Neue', Helvetica, Arial, sans-serif","label":"Helvetica\/Arial","group":"Sans-serif"},{"value":"Impact, Charcoal, Helvetica, Arial, sans-serif","label":"Impact","group":"Sans-serif"},{"value":"'Lucida Grande', 'Lucida Sans Unicode', 'Lucida Sans', Lucida, Helvetica, Arial, sans-serif","label":"Lucida Grande","group":"Sans-serif"},{"value":"Trebuchet MS, sans-serif","label":"Trebuchet MS","group":"Sans-serif"},{"value":"Verdana, Helvetica, Arial, sans-serif","label":"Verdana","group":"Sans-serif"},{"value":"Garamond, Baskerville, Caslon, serif","label":"Garamond","group":"Serif"},{"value":"Georgia, Utopia, 'Times New Roman', Times, serif","label":"Georgia","group":"Serif"},{"value":"Palatino, 'Palatino Linotype', 'Book Antiqua', serif","label":"Palatino","group":"Serif"},{"value":"'Times New Roman', Times, serif","label":"Times New Roman","group":"Serif"},{"value":"'Courier New', Courier, monospace","label":"Courier New","group":"Monospace"},{"value":"Monaco, 'Lucida Console', 'DejaVu Sans Mono', monospace","label":"Monaco\/Lucida Console","group":"Monospace"},{"value":"'Arvo', serif","label":"Arvo","group":"Google Web Fonts"},{"value":"'Glegoo', serif","label":"Glegoo","group":"Google Web Fonts"},{"value":"'Josefin Sans', sans-serif","label":"Josefin Sans","group":"Google Web Fonts"},{"value":"'Lato', sans-serif","label":"Lato","group":"Google Web Fonts"},{"value":"'Lobster', cursive","label":"Lobster","group":"Google Web Fonts"},{"value":"'Lobster Two', cursive","label":"Lobster Two","group":"Google Web Fonts"},{"value":"'Montserrat', sans-serif","label":"Monserrat","group":"Google Web Fonts"},{"value":"'Noticia Text', serif","label":"Noticia Text","group":"Google Web Fonts"},{"value":"'Open Sans', sans-serif","label":"Open Sans","group":"Google Web Fonts"},{"value":"'Open Sans Condensed', sans-serif","label":"Open Sans Condensed","group":"Google Web Fonts"},{"value":"'Oswald', sans-serif","label":"Oswald","group":"Google Web Fonts"},{"value":"'PT Sans', sans-serif","label":"PT Sans","group":"Google Web Fonts"},{"value":"'PT Sans Narrow', sans-serif","label":"PT Sans Narrow","group":"Google Web Fonts"},{"value":"'Questrial', sans-serif","label":"Questrial","group":"Google Web Fonts"},{"value":"'Raleway', sans-serif","label":"Raleway","group":"Google Web Fonts"},{"value":"'Roboto', sans-serif;","label":"Roboto","group":"Google Web Fonts"},{"value":"'Source Sans Pro', sans-serif","label":"Source Sans","group":"Google Web Fonts"}],"default":"'Helvetica Neue', Helvetica, Arial, sans-serif"},{"type":"select","id":"h1-size","label":"H1 size","options":[{"value":"36px","label":"36px"},{"value":"34px","label":"34px"},{"value":"32px","label":"32px"},{"value":"30px","label":"30px"},{"value":"28px","label":"28px"},{"value":"26px","label":"26px"},{"value":"24px","label":"24px"},{"value":"22px","label":"22px"},{"value":"20px","label":"20px"},{"value":"18px","label":"18px"},{"value":"16px","label":"16px"},{"value":"14px","label":"14px"},{"value":"12px","label":"12px"}]},{"type":"select","id":"h2-size","label":"H2 size","options":[{"value":"36px","label":"36px"},{"value":"34px","label":"34px"},{"value":"32px","label":"32px"},{"value":"30px","label":"30px"},{"value":"28px","label":"28px"},{"value":"26px","label":"26px"},{"value":"24px","label":"24px"},{"value":"22px","label":"22px"},{"value":"20px","label":"20px"},{"value":"18px","label":"18px"},{"value":"16px","label":"16px"},{"value":"14px","label":"14px"},{"value":"12px","label":"12px"}]},{"type":"select","id":"h3-size","label":"H3 size","options":[{"value":"36px","label":"36px"},{"value":"34px","label":"34px"},{"value":"32px","label":"32px"},{"value":"30px","label":"30px"},{"value":"28px","label":"28px"},{"value":"26px","label":"26px"},{"value":"24px","label":"24px"},{"value":"22px","label":"22px"},{"value":"20px","label":"20px"},{"value":"18px","label":"18px"},{"value":"16px","label":"16px"},{"value":"14px","label":"14px"},{"value":"12px","label":"12px"}]},{"type":"select","id":"h4-size","label":"H4 size","options":[{"value":"36px","label":"36px"},{"value":"34px","label":"34px"},{"value":"32px","label":"32px"},{"value":"30px","label":"30px"},{"value":"28px","label":"28px"},{"value":"26px","label":"26px"},{"value":"24px","label":"24px"},{"value":"22px","label":"22px"},{"value":"20px","label":"20px"},{"value":"18px","label":"18px"},{"value":"16px","label":"16px"},{"value":"14px","label":"14px"},{"value":"12px","label":"12px"}]},{"type":"select","id":"h5-size","label":"H5 size","options":[{"value":"36px","label":"36px"},{"value":"34px","label":"34px"},{"value":"32px","label":"32px"},{"value":"30px","label":"30px"},{"value":"28px","label":"28px"},{"value":"26px","label":"26px"},{"value":"24px","label":"24px"},{"value":"22px","label":"22px"},{"value":"20px","label":"20px"},{"value":"18px","label":"18px"},{"value":"16px","label":"16px"},{"value":"14px","label":"14px"},{"value":"12px","label":"12px"}]},{"type":"select","id":"h6-size","label":"H6 size","options":[{"value":"36px","label":"36px"},{"value":"34px","label":"34px"},{"value":"32px","label":"32px"},{"value":"30px","label":"30px"},{"value":"28px","label":"28px"},{"value":"26px","label":"26px"},{"value":"24px","label":"24px"},{"value":"22px","label":"22px"},{"value":"20px","label":"20px"},{"value":"18px","label":"18px"},{"value":"16px","label":"16px"},{"value":"14px","label":"14px"},{"value":"12px","label":"12px"}]},{"type":"select","id":"heading-transform","label":"Heading case","options":[{"value":"uppercase","label":"Uppercase"},{"value":"none","label":"As Typed"}]},{"type":"select","id":"heading-weight","label":"Heading weight","options":[{"value":"700","label":"Bold"},{"value":"400","label":"Normal"},{"value":"300","label":"Light"}]},{"type":"select","id":"font-size","label":"Main size","options":[{"value":"11px","label":"11px"},{"value":"12px","label":"12px"},{"value":"13px","label":"13px"},{"value":"14px","label":"14px"},{"value":"15px","label":"15px"},{"value":"16px","label":"16px"},{"value":"18px","label":"18px"},{"value":"20px","label":"20px"},{"value":"22px","label":"22px"},{"value":"24px","label":"14px"}]},{"type":"select","id":"link-decoration","label":"Underline links on hover","options":[{"value":"underline","label":"Yes"},{"value":"none","label":"No"}]},{"type":"header","content":"Navigation"},{"type":"select","id":"navigation-font","label":"Navigation font","options":[{"value":"'Century Gothic', Helvetica, Arial, sans-serif","label":"Century Gothic","group":"Sans-serif"},{"value":"'Helvetica Neue', Helvetica, Arial, sans-serif","label":"Helvetica\/Arial","group":"Sans-serif"},{"value":"Impact, Charcoal, Helvetica, Arial, sans-serif","label":"Impact","group":"Sans-serif"},{"value":"'Lucida Grande', 'Lucida Sans Unicode', 'Lucida Sans', Lucida, Helvetica, Arial, sans-serif","label":"Lucida Grande","group":"Sans-serif"},{"value":"Trebuchet MS, sans-serif","label":"Trebuchet MS","group":"Sans-serif"},{"value":"Verdana, Helvetica, Arial, sans-serif","label":"Verdana","group":"Sans-serif"},{"value":"Garamond, Baskerville, Caslon, serif","label":"Garamond","group":"Serif"},{"value":"Georgia, Utopia, 'Times New Roman', Times, serif","label":"Georgia","group":"Serif"},{"value":"Palatino, 'Palatino Linotype', 'Book Antiqua', serif","label":"Palatino","group":"Serif"},{"value":"'Times New Roman', Times, serif","label":"Times New Roman","group":"Serif"},{"value":"'Courier New', Courier, monospace","label":"Courier New","group":"Monospace"},{"value":"Monaco, 'Lucida Console', 'DejaVu Sans Mono', monospace","label":"Monaco\/Lucida Console","group":"Monospace"},{"value":"'Arvo', serif","label":"Arvo","group":"Google Web Fonts"},{"value":"'Glegoo', serif","label":"Glegoo","group":"Google Web Fonts"},{"value":"'Josefin Sans', sans-serif","label":"Josefin Sans","group":"Google Web Fonts"},{"value":"'Lato', sans-serif","label":"Lato","group":"Google Web Fonts"},{"value":"'Lobster', cursive","label":"Lobster","group":"Google Web Fonts"},{"value":"'Lobster Two', cursive","label":"Lobster Two","group":"Google Web Fonts"},{"value":"'Montserrat', sans-serif","label":"Monserrat","group":"Google Web Fonts"},{"value":"'Noticia Text', serif","label":"Noticia Text","group":"Google Web Fonts"},{"value":"'Open Sans', sans-serif","label":"Open Sans","group":"Google Web Fonts"},{"value":"'Open Sans Condensed', sans-serif","label":"Open Sans Condensed","group":"Google Web Fonts"},{"value":"'Oswald', sans-serif","label":"Oswald","group":"Google Web Fonts"},{"value":"'PT Sans', sans-serif","label":"PT Sans","group":"Google Web Fonts"},{"value":"'PT Sans Narrow', sans-serif","label":"PT Sans Narrow","group":"Google Web Fonts"},{"value":"'Questrial', sans-serif","label":"Questrial","group":"Google Web Fonts"},{"value":"'Raleway', sans-serif","label":"Raleway","group":"Google Web Fonts"},{"value":"'Roboto', sans-serif;","label":"Roboto","group":"Google Web Fonts"},{"value":"'Source Sans Pro', sans-serif","label":"Source Sans","group":"Google Web Fonts"}],"default":"'Helvetica Neue', Helvetica, Arial, sans-serif"},{"type":"select","id":"nav_size","label":"Navigation size","options":[{"value":"11px","label":"11px"},{"value":"12px","label":"12px"},{"value":"13px","label":"13px"},{"value":"14px","label":"14px"},{"value":"15px","label":"15px"},{"value":"16px","label":"16px"},{"value":"18px","label":"18px"},{"value":"20px","label":"20px"}]},{"type":"select","id":"nav-weight","label":"Navigation weight","options":[{"value":"400","label":"Normal"},{"value":"300","label":"Light"},{"value":"700","label":"Bold"}]},{"type":"select","id":"navigation-transform","label":"Navigation case","options":[{"value":"uppercase","label":"Uppercase"},{"value":"none","label":"As typed"}]},{"type":"header","content":"Drop-downs"},{"type":"select","id":"dropdown-transform","label":"Drop-down text case","options":[{"value":"uppercase","label":"Uppercase"},{"value":"none","label":"As typed"}]},{"type":"select","id":"dropdown-size","label":"Drop-down size","options":[{"value":"11px","label":"11px"},{"value":"12px","label":"12px"},{"value":"13px","label":"13px"},{"value":"14px","label":"14px"},{"value":"15px","label":"15px"},{"value":"16px","label":"16px"},{"value":"18px","label":"18px"},{"value":"20px","label":"20px"}]},{"type":"header","content":"Home page sections"},{"type":"select","id":"section-title-border","label":"Section title border size","options":[{"value":"none","label":"none"},{"value":"1px","label":"1px"},{"value":"2px","label":"2px"},{"value":"3px","label":"3px"},{"value":"4px","label":"4px"},{"value":"5px","label":"5px"}]},{"type":"select","id":"section-title-align","label":"Section title alignment","options":[{"value":"left","label":"Left"},{"value":"center","label":"Center"},{"value":"right","label":"Right"}]},{"type":"header","content":"Product icons"},{"type":"select","id":"icon-font","label":"New, sale and sold out icons","options":[{"value":"'Century Gothic', Helvetica, Arial, sans-serif","label":"Century Gothic","group":"Sans-serif"},{"value":"'Helvetica Neue', Helvetica, Arial, sans-serif","label":"Helvetica\/Arial","group":"Sans-serif"},{"value":"Impact, Charcoal, Helvetica, Arial, sans-serif","label":"Impact","group":"Sans-serif"},{"value":"'Lucida Grande', 'Lucida Sans Unicode', 'Lucida Sans', Lucida, Helvetica, Arial, sans-serif","label":"Lucida Grande","group":"Sans-serif"},{"value":"Trebuchet MS, sans-serif","label":"Trebuchet MS","group":"Sans-serif"},{"value":"Verdana, Helvetica, Arial, sans-serif","label":"Verdana","group":"Sans-serif"},{"value":"Garamond, Baskerville, Caslon, serif","label":"Garamond","group":"Serif"},{"value":"Georgia, Utopia, 'Times New Roman', Times, serif","label":"Georgia","group":"Serif"},{"value":"Palatino, 'Palatino Linotype', 'Book Antiqua', serif","label":"Palatino","group":"Serif"},{"value":"'Times New Roman', Times, serif","label":"Times New Roman","group":"Serif"},{"value":"'Courier New', Courier, monospace","label":"Courier New","group":"Monospace"},{"value":"Monaco, 'Lucida Console', 'DejaVu Sans Mono', monospace","label":"Monaco\/Lucida Console","group":"Monospace"},{"value":"'Arvo', serif","label":"Arvo","group":"Google Web Fonts"},{"value":"'Glegoo', serif","label":"Glegoo","group":"Google Web Fonts"},{"value":"'Josefin Sans', sans-serif","label":"Josefin Sans","group":"Google Web Fonts"},{"value":"'Lato', sans-serif","label":"Lato","group":"Google Web Fonts"},{"value":"'Lobster', cursive","label":"Lobster","group":"Google Web Fonts"},{"value":"'Lobster Two', cursive","label":"Lobster Two","group":"Google Web Fonts"},{"value":"'Montserrat', sans-serif","label":"Monserrat","group":"Google Web Fonts"},{"value":"'Noticia Text', serif","label":"Noticia Text","group":"Google Web Fonts"},{"value":"'Open Sans', sans-serif","label":"Open Sans","group":"Google Web Fonts"},{"value":"'Open Sans Condensed', sans-serif","label":"Open Sans Condensed","group":"Google Web Fonts"},{"value":"'Oswald', sans-serif","label":"Oswald","group":"Google Web Fonts"},{"value":"'PT Sans', sans-serif","label":"PT Sans","group":"Google Web Fonts"},{"value":"'PT Sans Narrow', sans-serif","label":"PT Sans Narrow","group":"Google Web Fonts"},{"value":"'Questrial', sans-serif","label":"Questrial","group":"Google Web Fonts"},{"value":"'Raleway', sans-serif","label":"Raleway","group":"Google Web Fonts"},{"value":"'Roboto', sans-serif;","label":"Roboto","group":"Google Web Fonts"},{"value":"'Source Sans Pro', sans-serif","label":"Source Sans","group":"Google Web Fonts"}],"default":"'Helvetica Neue', Helvetica, Arial, sans-serif"},{"type":"select","id":"icon-font-size","label":"New, sale, and sold out icon size","options":[{"value":"11px","label":"11px"},{"value":"12px","label":"12px"},{"value":"13px","label":"13px"},{"value":"14px","label":"14px"}]},{"type":"header","content":"Slideshow text"},{"type":"select","id":"slide-title-font","label":"Slide titles","options":[{"value":"'Century Gothic', Helvetica, Arial, sans-serif","label":"Century Gothic","group":"Sans-serif"},{"value":"'Helvetica Neue', Helvetica, Arial, sans-serif","label":"Helvetica\/Arial","group":"Sans-serif"},{"value":"Impact, Charcoal, Helvetica, Arial, sans-serif","label":"Impact","group":"Sans-serif"},{"value":"'Lucida Grande', 'Lucida Sans Unicode', 'Lucida Sans', Lucida, Helvetica, Arial, sans-serif","label":"Lucida Grande","group":"Sans-serif"},{"value":"Trebuchet MS, sans-serif","label":"Trebuchet MS","group":"Sans-serif"},{"value":"Verdana, Helvetica, Arial, sans-serif","label":"Verdana","group":"Sans-serif"},{"value":"Garamond, Baskerville, Caslon, serif","label":"Garamond","group":"Serif"},{"value":"Georgia, Utopia, 'Times New Roman', Times, serif","label":"Georgia","group":"Serif"},{"value":"Palatino, 'Palatino Linotype', 'Book Antiqua', serif","label":"Palatino","group":"Serif"},{"value":"'Times New Roman', Times, serif","label":"Times New Roman","group":"Serif"},{"value":"'Courier New', Courier, monospace","label":"Courier New","group":"Monospace"},{"value":"Monaco, 'Lucida Console', 'DejaVu Sans Mono', monospace","label":"Monaco\/Lucida Console","group":"Monospace"},{"value":"'Arvo', serif","label":"Arvo","group":"Google Web Fonts"},{"value":"'Glegoo', serif","label":"Glegoo","group":"Google Web Fonts"},{"value":"'Josefin Sans', sans-serif","label":"Josefin Sans","group":"Google Web Fonts"},{"value":"'Lato', sans-serif","label":"Lato","group":"Google Web Fonts"},{"value":"'Lobster', cursive","label":"Lobster","group":"Google Web Fonts"},{"value":"'Lobster Two', cursive","label":"Lobster Two","group":"Google Web Fonts"},{"value":"'Montserrat', sans-serif","label":"Monserrat","group":"Google Web Fonts"},{"value":"'Noticia Text', serif","label":"Noticia Text","group":"Google Web Fonts"},{"value":"'Open Sans', sans-serif","label":"Open Sans","group":"Google Web Fonts"},{"value":"'Open Sans Condensed', sans-serif","label":"Open Sans Condensed","group":"Google Web Fonts"},{"value":"'Oswald', sans-serif","label":"Oswald","group":"Google Web Fonts"},{"value":"'PT Sans', sans-serif","label":"PT Sans","group":"Google Web Fonts"},{"value":"'PT Sans Narrow', sans-serif","label":"PT Sans Narrow","group":"Google Web Fonts"},{"value":"'Questrial', sans-serif","label":"Questrial","group":"Google Web Fonts"},{"value":"'Raleway', sans-serif","label":"Raleway","group":"Google Web Fonts"},{"value":"'Roboto', sans-serif;","label":"Roboto","group":"Google Web Fonts"},{"value":"'Source Sans Pro', sans-serif","label":"Source Sans","group":"Google Web Fonts"}],"default":"'Helvetica Neue', Helvetica, Arial, sans-serif"},{"type":"select","id":"slide-title-size","label":"Slide title Size","options":[{"value":"72px","label":"72px"},{"value":"50px","label":"50px"},{"value":"48px","label":"48px"},{"value":"46px","label":"46px"},{"value":"44px","label":"44px"},{"value":"42px","label":"42px"},{"value":"40px","label":"40px"},{"value":"38px","label":"38px"},{"value":"36px","label":"36px"},{"value":"34px","label":"34px"},{"value":"32px","label":"32px"},{"value":"30px","label":"30px"},{"value":"28px","label":"28px"},{"value":"26px","label":"26px"},{"value":"24px","label":"24px"},{"value":"22px","label":"22px"},{"value":"20px","label":"20px"},{"value":"18px","label":"18px"},{"value":"16px","label":"16px"},{"value":"14px","label":"14px"},{"value":"12px","label":"12px"}]},{"type":"select","id":"slide-title-weight","label":"Slide title weight","options":[{"value":"400","label":"Normal"},{"value":"300","label":"Light"},{"value":"700","label":"Bold"}]},{"type":"select","id":"caption-font","label":"slide captions","options":[{"value":"'Century Gothic', Helvetica, Arial, sans-serif","label":"Century Gothic","group":"Sans-serif"},{"value":"'Helvetica Neue', Helvetica, Arial, sans-serif","label":"Helvetica\/Arial","group":"Sans-serif"},{"value":"Impact, Charcoal, Helvetica, Arial, sans-serif","label":"Impact","group":"Sans-serif"},{"value":"'Lucida Grande', 'Lucida Sans Unicode', 'Lucida Sans', Lucida, Helvetica, Arial, sans-serif","label":"Lucida Grande","group":"Sans-serif"},{"value":"Trebuchet MS, sans-serif","label":"Trebuchet MS","group":"Sans-serif"},{"value":"Verdana, Helvetica, Arial, sans-serif","label":"Verdana","group":"Sans-serif"},{"value":"Garamond, Baskerville, Caslon, serif","label":"Garamond","group":"Serif"},{"value":"Georgia, Utopia, 'Times New Roman', Times, serif","label":"Georgia","group":"Serif"},{"value":"Palatino, 'Palatino Linotype', 'Book Antiqua', serif","label":"Palatino","group":"Serif"},{"value":"'Times New Roman', Times, serif","label":"Times New Roman","group":"Serif"},{"value":"'Courier New', Courier, monospace","label":"Courier New","group":"Monospace"},{"value":"Monaco, 'Lucida Console', 'DejaVu Sans Mono', monospace","label":"Monaco\/Lucida Console","group":"Monospace"},{"value":"'Arvo', serif","label":"Arvo","group":"Google Web Fonts"},{"value":"'Glegoo', serif","label":"Glegoo","group":"Google Web Fonts"},{"value":"'Josefin Sans', sans-serif","label":"Josefin Sans","group":"Google Web Fonts"},{"value":"'Lato', sans-serif","label":"Lato","group":"Google Web Fonts"},{"value":"'Lobster', cursive","label":"Lobster","group":"Google Web Fonts"},{"value":"'Lobster Two', cursive","label":"Lobster Two","group":"Google Web Fonts"},{"value":"'Montserrat', sans-serif","label":"Monserrat","group":"Google Web Fonts"},{"value":"'Noticia Text', serif","label":"Noticia Text","group":"Google Web Fonts"},{"value":"'Open Sans', sans-serif","label":"Open Sans","group":"Google Web Fonts"},{"value":"'Open Sans Condensed', sans-serif","label":"Open Sans Condensed","group":"Google Web Fonts"},{"value":"'Oswald', sans-serif","label":"Oswald","group":"Google Web Fonts"},{"value":"'PT Sans', sans-serif","label":"PT Sans","group":"Google Web Fonts"},{"value":"'PT Sans Narrow', sans-serif","label":"PT Sans Narrow","group":"Google Web Fonts"},{"value":"'Questrial', sans-serif","label":"Questrial","group":"Google Web Fonts"},{"value":"'Raleway', sans-serif","label":"Raleway","group":"Google Web Fonts"},{"value":"'Roboto', sans-serif;","label":"Roboto","group":"Google Web Fonts"},{"value":"'Source Sans Pro', sans-serif","label":"Source Sans","group":"Google Web Fonts"}],"default":"'Helvetica Neue', Helvetica, Arial, sans-serif"},{"type":"select","id":"caption-size","label":"Slide caption size","options":[{"value":"72px","label":"72px"},{"value":"50px","label":"50px"},{"value":"48px","label":"48px"},{"value":"46px","label":"46px"},{"value":"44px","label":"44px"},{"value":"42px","label":"42px"},{"value":"40px","label":"40px"},{"value":"38px","label":"38px"},{"value":"36px","label":"36px"},{"value":"34px","label":"34px"},{"value":"32px","label":"32px"},{"value":"30px","label":"30px"},{"value":"28px","label":"28px"},{"value":"26px","label":"26px"},{"value":"24px","label":"24px"},{"value":"22px","label":"22px"},{"value":"20px","label":"20px"},{"value":"18px","label":"18px"},{"value":"16px","label":"16px"},{"value":"14px","label":"14px"},{"value":"12px","label":"12px"}]},{"type":"select","id":"cta_size","label":"Slide button size","options":[{"value":"24px","label":"24px"},{"value":"22px","label":"22px"},{"value":"20px","label":"20px"},{"value":"18px","label":"18px"},{"value":"16px","label":"16px"},{"value":"14px","label":"14px"},{"value":"12px","label":"12px"}]},{"type":"select","id":"cta_weight","label":"Slide button weight","options":[{"value":"400","label":"Normal"},{"value":"300","label":"Light"},{"value":"700","label":"Bold"}]},{"type":"header","content":"Home page - parallax banner images"},{"type":"select","id":"parallax-font-size","label":"Font size","options":[{"value":"36px","label":"36px"},{"value":"34px","label":"34px"},{"value":"32px","label":"32px"},{"value":"30px","label":"30px"},{"value":"28px","label":"28px"},{"value":"26px","label":"26px"},{"value":"24px","label":"24px"},{"value":"22px","label":"22px"},{"value":"20px","label":"20px"},{"value":"19px","label":"19px"},{"value":"18px","label":"18px"},{"value":"17px","label":"17px"},{"value":"16px","label":"16px"},{"value":"15px","label":"15px"},{"value":"14px","label":"14px"},{"value":"13px","label":"13px"},{"value":"12px","label":"12px"},{"value":"11px","label":"11px"},{"value":"10px","label":"10px"}]},{"type":"select","id":"parallax-font","label":"Font family","options":[{"value":"'Century Gothic', Helvetica, Arial, sans-serif","label":"Century Gothic","group":"Sans-serif"},{"value":"'Helvetica Neue', Helvetica, Arial, sans-serif","label":"Helvetica\/Arial","group":"Sans-serif"},{"value":"Impact, Charcoal, Helvetica, Arial, sans-serif","label":"Impact","group":"Sans-serif"},{"value":"'Lucida Grande', 'Lucida Sans Unicode', 'Lucida Sans', Lucida, Helvetica, Arial, sans-serif","label":"Lucida Grande","group":"Sans-serif"},{"value":"Trebuchet MS, sans-serif","label":"Trebuchet MS","group":"Sans-serif"},{"value":"Verdana, Helvetica, Arial, sans-serif","label":"Verdana","group":"Sans-serif"},{"value":"Garamond, Baskerville, Caslon, serif","label":"Garamond","group":"Serif"},{"value":"Georgia, Utopia, 'Times New Roman', Times, serif","label":"Georgia","group":"Serif"},{"value":"Palatino, 'Palatino Linotype', 'Book Antiqua', serif","label":"Palatino","group":"Serif"},{"value":"'Times New Roman', Times, serif","label":"Times New Roman","group":"Serif"},{"value":"'Courier New', Courier, monospace","label":"Courier New","group":"Monospace"},{"value":"Monaco, 'Lucida Console', 'DejaVu Sans Mono', monospace","label":"Monaco\/Lucida Console","group":"Monospace"},{"value":"'Arvo', serif","label":"Arvo","group":"Google Web Fonts"},{"value":"'Glegoo', serif","label":"Glegoo","group":"Google Web Fonts"},{"value":"'Josefin Sans', sans-serif","label":"Josefin Sans","group":"Google Web Fonts"},{"value":"'Lato', sans-serif","label":"Lato","group":"Google Web Fonts"},{"value":"'Lobster', cursive","label":"Lobster","group":"Google Web Fonts"},{"value":"'Lobster Two', cursive","label":"Lobster Two","group":"Google Web Fonts"},{"value":"'Montserrat', sans-serif","label":"Monserrat","group":"Google Web Fonts"},{"value":"'Noticia Text', serif","label":"Noticia Text","group":"Google Web Fonts"},{"value":"'Open Sans', sans-serif","label":"Open Sans","group":"Google Web Fonts"},{"value":"'Open Sans Condensed', sans-serif","label":"Open Sans Condensed","group":"Google Web Fonts"},{"value":"'Oswald', sans-serif","label":"Oswald","group":"Google Web Fonts"},{"value":"'PT Sans', sans-serif","label":"PT Sans","group":"Google Web Fonts"},{"value":"'PT Sans Narrow', sans-serif","label":"PT Sans Narrow","group":"Google Web Fonts"},{"value":"'Questrial', sans-serif","label":"Questrial","group":"Google Web Fonts"},{"value":"'Raleway', sans-serif","label":"Raleway","group":"Google Web Fonts"},{"value":"'Roboto', sans-serif;","label":"Roboto","group":"Google Web Fonts"},{"value":"'Source Sans Pro', sans-serif","label":"Source Sans","group":"Google Web Fonts"}],"default":"'Helvetica Neue', Helvetica, Arial, sans-serif"},{"type":"select","id":"parallax-font-weight","label":"Font weight","options":[{"value":"400","label":"Normal"},{"value":"300","label":"Light"},{"value":"700","label":"Bold"}]},{"type":"header","content":"Home page - featured images"},{"type":"select","id":"promo-font","label":"Featured images font","options":[{"value":"'Century Gothic', Helvetica, Arial, sans-serif","label":"Century Gothic","group":"Sans-serif"},{"value":"'Helvetica Neue', Helvetica, Arial, sans-serif","label":"Helvetica\/Arial","group":"Sans-serif"},{"value":"Impact, Charcoal, Helvetica, Arial, sans-serif","label":"Impact","group":"Sans-serif"},{"value":"'Lucida Grande', 'Lucida Sans Unicode', 'Lucida Sans', Lucida, Helvetica, Arial, sans-serif","label":"Lucida Grande","group":"Sans-serif"},{"value":"Trebuchet MS, sans-serif","label":"Trebuchet MS","group":"Sans-serif"},{"value":"Verdana, Helvetica, Arial, sans-serif","label":"Verdana","group":"Sans-serif"},{"value":"Garamond, Baskerville, Caslon, serif","label":"Garamond","group":"Serif"},{"value":"Georgia, Utopia, 'Times New Roman', Times, serif","label":"Georgia","group":"Serif"},{"value":"Palatino, 'Palatino Linotype', 'Book Antiqua', serif","label":"Palatino","group":"Serif"},{"value":"'Times New Roman', Times, serif","label":"Times New Roman","group":"Serif"},{"value":"'Courier New', Courier, monospace","label":"Courier New","group":"Monospace"},{"value":"Monaco, 'Lucida Console', 'DejaVu Sans Mono', monospace","label":"Monaco\/Lucida Console","group":"Monospace"},{"value":"'Arvo', serif","label":"Arvo","group":"Google Web Fonts"},{"value":"'Glegoo', serif","label":"Glegoo","group":"Google Web Fonts"},{"value":"'Josefin Sans', sans-serif","label":"Josefin Sans","group":"Google Web Fonts"},{"value":"'Lato', sans-serif","label":"Lato","group":"Google Web Fonts"},{"value":"'Lobster', cursive","label":"Lobster","group":"Google Web Fonts"},{"value":"'Lobster Two', cursive","label":"Lobster Two","group":"Google Web Fonts"},{"value":"'Montserrat', sans-serif","label":"Monserrat","group":"Google Web Fonts"},{"value":"'Noticia Text', serif","label":"Noticia Text","group":"Google Web Fonts"},{"value":"'Open Sans', sans-serif","label":"Open Sans","group":"Google Web Fonts"},{"value":"'Open Sans Condensed', sans-serif","label":"Open Sans Condensed","group":"Google Web Fonts"},{"value":"'Oswald', sans-serif","label":"Oswald","group":"Google Web Fonts"},{"value":"'PT Sans', sans-serif","label":"PT Sans","group":"Google Web Fonts"},{"value":"'PT Sans Narrow', sans-serif","label":"PT Sans Narrow","group":"Google Web Fonts"},{"value":"'Questrial', sans-serif","label":"Questrial","group":"Google Web Fonts"},{"value":"'Raleway', sans-serif","label":"Raleway","group":"Google Web Fonts"},{"value":"'Roboto', sans-serif;","label":"Roboto","group":"Google Web Fonts"},{"value":"'Source Sans Pro', sans-serif","label":"Source Sans","group":"Google Web Fonts"}],"default":"'Helvetica Neue', Helvetica, Arial, sans-serif"},{"type":"select","id":"promo-text-weight","label":"Featured images weight","options":[{"value":"light","label":"Light"},{"value":"normal","label":"Normal"},{"value":"bold","label":"Bold"}]},{"type":"select","id":"promo-text-size","label":"Featured images size","options":[{"value":"11px","label":"11px"},{"value":"12px","label":"12px"},{"value":"13px","label":"13px"},{"value":"14px","label":"14px"},{"value":"15px","label":"15px"},{"value":"16px","label":"16px"},{"value":"18px","label":"18px"},{"value":"20px","label":"20px"},{"value":"21px","label":"21px"},{"value":"22px","label":"22px"},{"value":"23px","label":"23px"},{"value":"24px","label":"24px"},{"value":"25px","label":"25px"},{"value":"26px","label":"26px"},{"value":"27px","label":"27px"},{"value":"28px","label":"28px"},{"value":"29px","label":"29px"},{"value":"30px","label":"40px"}]},{"type":"header","content":"Footer"},{"type":"select","id":"footer_text_align","label":"Footer text align","options":[{"value":"left","label":"left"},{"value":"center","label":"Center"},{"value":"right","label":"Right"}]},{"type":"select","id":"footer_title_weight","label":"Footer title weight","options":[{"value":"300","label":"Light"},{"value":"500","label":"Normal"},{"value":"700","label":"Bold"}]},{"type":"select","id":"footer_title_transform","label":"Footer title case","options":[{"value":"uppercase","label":"Uppercase"},{"value":"inherit","label":"regular"}]},{"type":"select","id":"footer_title_size","label":"Footer title size","options":[{"value":"10px","label":"10px"},{"value":"11px","label":"11px"},{"value":"12px","label":"12px"},{"value":"13px","label":"13px"},{"value":"14px","label":"14px"},{"value":"15px","label":"15px"},{"value":"16px","label":"16px"},{"value":"17px","label":"17px"},{"value":"18px","label":"18px"},{"value":"19px","label":"19px"},{"value":"20px","label":"20px"}]}]},{"name":"Navigation","settings":[{"type":"header","content":"Mega drop-down"},{"type":"text","id":"megadropdown_link","label":"Mega drop-down link title","default":"Catalog","info":"Triggers the mega dropdown"},{"type":"checkbox","id":"nav_promo_image","label":"Show mega drop-down image","info":"Show an image in the Mega Dropdown"},{"type":"image","id":"nav_promo.jpg","label":"Mega drop-down image","max-width":280,"info":"280 x 280px .jpg revommended"},{"type":"text","id":"nav_promo_link","label":"Mega drop-down image link","default":"\/collections\/all"},{"type":"checkbox","id":"mega_1_show","label":"Show Mega drop-down menu 1"},{"type":"link_list","id":"mega_1_links","label":"Choose menu 1"},{"type":"checkbox","id":"mega_2_show","label":"Show Mega drop-down menu 2"},{"type":"link_list","id":"mega_2_links","label":"Choose menu 2"},{"type":"checkbox","id":"mega_3_show","label":"Show mega drop-down menu 3"},{"type":"link_list","id":"mega_3_links","label":"Choose menu 3"},{"type":"checkbox","id":"mega_4_show","label":"Show Mega drop-down menu 4"},{"type":"link_list","id":"mega_4_links","label":"Choose menu 4"},{"type":"checkbox","id":"breadcrumb","label":"Show breadcrumb navigation"}]},{"name":"Home Page","settings":[{"type":"select","id":"home_section_1","label":"Section 1","options":[{"value":"","label":"None"},{"value":"homepage-products","label":"Featured products"},{"value":"homepage-collections","label":"Featured collections"},{"value":"homepage-promo","label":"Featured image boxes"},{"value":"homepage-banner_1","label":"Parallax image banner 1"},{"value":"homepage-banner_2","label":"Parallax image banner 2"},{"value":"homepage-banner_3","label":"Parallax image banner 3"},{"value":"homepage-banner_4","label":"Parallax image banner 4"},{"value":"homepage-banner_5","label":"Parallax image banner 5"},{"value":"homepage-blog-posts","label":"Recent blog posts"},{"value":"homepage-social","label":"Social media and email"},{"value":"homepage-instagram","label":"Instagram"}]},{"type":"select","id":"home_section_2","label":"Section 2","options":[{"value":"","label":"None"},{"value":"homepage-products","label":"Featured products"},{"value":"homepage-collections","label":"Featured collections"},{"value":"homepage-promo","label":"Featured image boxes"},{"value":"homepage-banner_1","label":"Parallax image banner 1"},{"value":"homepage-banner_2","label":"Parallax image banner 2"},{"value":"homepage-banner_3","label":"Parallax image banner 3"},{"value":"homepage-banner_4","label":"Parallax image banner 4"},{"value":"homepage-banner_5","label":"Parallax image banner 5"},{"value":"homepage-blog-posts","label":"Recent blog posts"},{"value":"homepage-social","label":"Social media and email"},{"value":"homepage-instagram","label":"Instagram"}]},{"type":"select","id":"home_section_3","label":"Section 3","options":[{"value":"","label":"None"},{"value":"homepage-products","label":"Featured products"},{"value":"homepage-collections","label":"Featured collections"},{"value":"homepage-promo","label":"Featured image boxes"},{"value":"homepage-banner_1","label":"Parallax image banner 1"},{"value":"homepage-banner_2","label":"Parallax image banner 2"},{"value":"homepage-banner_3","label":"Parallax image banner 3"},{"value":"homepage-banner_4","label":"Parallax image banner 4"},{"value":"homepage-banner_5","label":"Parallax image banner 5"},{"value":"homepage-blog-posts","label":"Recent blog posts"},{"value":"homepage-social","label":"Social media and email"},{"value":"homepage-instagram","label":"Instagram"}]},{"type":"select","id":"home_section_4","label":"Section 4","options":[{"value":"","label":"None"},{"value":"homepage-products","label":"Featured products"},{"value":"homepage-collections","label":"Featured collections"},{"value":"homepage-promo","label":"Featured image boxes"},{"value":"homepage-banner_1","label":"Parallax image banner 1"},{"value":"homepage-banner_2","label":"Parallax image banner 2"},{"value":"homepage-banner_3","label":"Parallax image banner 3"},{"value":"homepage-banner_4","label":"Parallax image banner 4"},{"value":"homepage-banner_5","label":"Parallax image banner 5"},{"value":"homepage-blog-posts","label":"Recent blog posts"},{"value":"homepage-social","label":"Social media and email"},{"value":"homepage-instagram","label":"Instagram"}]},{"type":"select","id":"home_section_5","label":"Section 5","options":[{"value":"","label":"None"},{"value":"homepage-products","label":"Featured products"},{"value":"homepage-collections","label":"Featured collections"},{"value":"homepage-promo","label":"Featured image boxes"},{"value":"homepage-banner_1","label":"Parallax image banner 1"},{"value":"homepage-banner_2","label":"Parallax image banner 2"},{"value":"homepage-banner_3","label":"Parallax image banner 3"},{"value":"homepage-banner_4","label":"Parallax image banner 4"},{"value":"homepage-banner_5","label":"Parallax image banner 5"},{"value":"homepage-blog-posts","label":"Recent blog posts"},{"value":"homepage-social","label":"Social media and email"},{"value":"homepage-instagram","label":"Instagram"}]},{"type":"select","id":"home_section_6","label":"Section 6","options":[{"value":"","label":"None"},{"value":"homepage-products","label":"Featured products"},{"value":"homepage-collections","label":"Featured collections"},{"value":"homepage-promo","label":"Featured image boxes"},{"value":"homepage-banner_1","label":"Parallax image banner 1"},{"value":"homepage-banner_2","label":"Parallax image banner 2"},{"value":"homepage-banner_3","label":"Parallax image banner 3"},{"value":"homepage-banner_4","label":"Parallax image banner 4"},{"value":"homepage-banner_5","label":"Parallax image banner 5"},{"value":"homepage-blog-posts","label":"Recent blog posts"},{"value":"homepage-social","label":"Social media and email"},{"value":"homepage-instagram","label":"Instagram"}]},{"type":"select","id":"home_section_7","label":"Section 7","options":[{"value":"","label":"None"},{"value":"homepage-products","label":"Featured products"},{"value":"homepage-collections","label":"Featured collections"},{"value":"homepage-promo","label":"Featured image boxes"},{"value":"homepage-banner_1","label":"Parallax image banner 1"},{"value":"homepage-banner_2","label":"Parallax image banner 2"},{"value":"homepage-banner_3","label":"Parallax image banner 3"},{"value":"homepage-banner_4","label":"Parallax image banner 4"},{"value":"homepage-banner_5","label":"Parallax image banner 5"},{"value":"homepage-blog-posts","label":"Recent blog posts"},{"value":"homepage-social","label":"Social media and email"},{"value":"homepage-instagram","label":"Instagram"}]},{"type":"select","id":"home_section_8","label":"Section 8","options":[{"value":"","label":"None"},{"value":"homepage-products","label":"Featured products"},{"value":"homepage-collections","label":"Featured collections"},{"value":"homepage-promo","label":"Featured image boxes"},{"value":"homepage-banner_1","label":"Parallax image banner 1"},{"value":"homepage-banner_2","label":"Parallax image banner 2"},{"value":"homepage-banner_3","label":"Parallax image banner 3"},{"value":"homepage-banner_4","label":"Parallax image banner 4"},{"value":"homepage-banner_5","label":"Parallax image banner 5"},{"value":"homepage-blog-posts","label":"Recent blog posts"},{"value":"homepage-social","label":"Social media and email"},{"value":"homepage-instagram","label":"Instagram"}]},{"type":"select","id":"home_section_9","label":"Section 9","options":[{"value":"","label":"None"},{"value":"homepage-products","label":"Featured products"},{"value":"homepage-collections","label":"Featured collections"},{"value":"homepage-promo","label":"Featured image boxes"},{"value":"homepage-banner_1","label":"Parallax image banner 1"},{"value":"homepage-banner_2","label":"Parallax image banner 2"},{"value":"homepage-banner_3","label":"Parallax image banner 3"},{"value":"homepage-banner_4","label":"Parallax image banner 4"},{"value":"homepage-banner_5","label":"Parallax image banner 5"},{"value":"homepage-blog-posts","label":"Recent blog posts"},{"value":"homepage-social","label":"Social media and email"},{"value":"homepage-instagram","label":"Instagram"}]},{"type":"select","id":"home_section_10","label":"Section 10","options":[{"value":"","label":"None"},{"value":"homepage-products","label":"Featured products"},{"value":"homepage-collections","label":"Featured collections"},{"value":"homepage-promo","label":"Featured image boxes"},{"value":"homepage-banner_1","label":"Parallax image banner 1"},{"value":"homepage-banner_2","label":"Parallax image banner 2"},{"value":"homepage-banner_3","label":"Parallax image banner 3"},{"value":"homepage-banner_4","label":"Parallax image banner 4"},{"value":"homepage-banner_5","label":"Parallax image banner 5"},{"value":"homepage-blog-posts","label":"Recent blog posts"},{"value":"homepage-social","label":"Social media and email"},{"value":"homepage-instagram","label":"Instagram"}]},{"type":"select","id":"home_section_11","label":"Section 11","options":[{"value":"","label":"None"},{"value":"homepage-products","label":"Featured products"},{"value":"homepage-collections","label":"Featured collections"},{"value":"homepage-promo","label":"Featured image boxes"},{"value":"homepage-banner_1","label":"Parallax image banner 1"},{"value":"homepage-banner_2","label":"Parallax image banner 2"},{"value":"homepage-banner_3","label":"Parallax image banner 3"},{"value":"homepage-banner_4","label":"Parallax image banner 4"},{"value":"homepage-banner_5","label":"Parallax image banner 5"},{"value":"homepage-blog-posts","label":"Recent blog posts"},{"value":"homepage-social","label":"Social media and email"},{"value":"homepage-instagram","label":"Instagram"}]}]},{"name":"Home Page - slideshow","settings":[{"type":"paragraph","content":"Need Some help - visit our [theme instructions pages](http:\/\/support.undergroundmedia.co.uk\/customer\/portal\/articles\/1695140-homepage-setup)"},{"type":"select","id":"slideshow","label":"Choose type","options":[{"value":"flexslider","label":"Content"},{"value":"backstretch","label":"Background"},{"value":"none","label":"None"}],"info":"Content Slideshow features linked images and resizes with the browser. Background is more suited to fill screen images with background images"},{"type":"header","content":"Images"},{"type":"checkbox","id":"slide-1-check","label":"Show image 1"},{"type":"image","id":"image1.jpg","label":"Image 1","info":"1920px x 1080px .jpg recommended"},{"type":"checkbox","id":"slide-2-check","label":"Show image 2"},{"type":"image","id":"image2.jpg","label":"Image 2","info":"1920px x 1080px .jpg recommended"},{"type":"checkbox","id":"slide-3-check","label":"Show image 3"},{"type":"image","id":"image3.jpg","label":"Image 3","info":"1920px x 1080px .jpg recommended"},{"type":"checkbox","id":"slide-4-check","label":"Show image 4"},{"type":"image","id":"image4.jpg","label":"Image 4","info":"1920px x 1080px .jpg recommended"},{"type":"checkbox","id":"slide-5-check","label":"Show image 5"},{"type":"image","id":"image5.jpg","label":"Image 5","info":"1920px x 1080px .jpg recommended"},{"type":"header","content":"Background Slideshow Options"},{"type":"checkbox","id":"homepage-content","label":"Show featured content","info":"Floats page content over the slideshow"},{"type":"page","id":"main-page","label":"Choose content","info":"Choose a page with content to show"},{"type":"select","id":"homepage-slideshow-height","label":"image height","options":[{"value":"1000px","label":"1000px"},{"value":"900px","label":"900px"},{"value":"800px","label":"800px"},{"value":"700px","label":"700px"},{"value":"600px","label":"600px"},{"value":"500px","label":"500px"}],"info":"Sets a slideshow height for the background slideshow"},{"type":"header","content":"Content slideshow options"},{"type":"select","id":"slideshow-speed","label":"Image transition speed","options":[{"value":"1000","label":"1 Second"},{"value":"2000","label":"2 Seconds"},{"value":"3000","label":"3 Seconds"},{"value":"4000","label":"4 Seconds"},{"value":"5000","label":"5 Seconds"},{"value":"6000","label":"6 Seconds"},{"value":"7000","label":"7 Seconds"},{"value":"8000","label":"8 Seconds"},{"value":"9000","label":"9 Seconds"},{"value":"10000","label":"10 Seconds"}]},{"type":"text","id":"slide1_url","label":"slide 1 link","default":"\/collections\/all"},{"type":"text","id":"slide1_alt","label":"slide 1 alt text","default":"Slide 1 alt text"},{"type":"text","id":"slide-1-title","label":"slide 1 title","default":"add a title"},{"type":"textarea","id":"slide-1-caption","label":"slide 1 caption"},{"type":"checkbox","id":"slide-1-button","label":"Show slide 1 button"},{"type":"text","id":"slide-1-button-text","label":"Slide 1 button text","default":"Slide 1 button text"},{"type":"select","id":"slide_1_caption-align","label":"Slide 1 caption text horizontal alignment","options":[{"value":"left","label":"Left"},{"value":"center","label":"Center"},{"value":"right","label":"Right"}]},{"type":"text","id":"slide_1_caption-position","label":"Slide 1 caption vertical position ( % or px )","default":"45%","info":"Vertically align the caption and button.. % values are recommended - 20%, 30%"},{"type":"header","content":"Slide 2"},{"type":"text","id":"slide2_url","label":"slide 2 link","default":"\/collections\/all"},{"type":"text","id":"slide2_alt","label":"slide 2 alt text","default":"Slide 2 alt text"},{"type":"text","id":"slide-2-title","label":"slide 2 title","default":"add a title"},{"type":"textarea","id":"slide-2-caption","label":"slide 2 caption"},{"type":"checkbox","id":"slide-2-button","label":"Show slide 2 button"},{"type":"text","id":"slide-2-button-text","label":"Slide 2 button text","default":"Slide 2 button text"},{"type":"select","id":"slide_2_caption-align","label":"Slide 2 caption text horizontal alignment","options":[{"value":"left","label":"Left"},{"value":"center","label":"Center"},{"value":"right","label":"Right"}]},{"type":"text","id":"slide_2_caption-position","label":"Slide 2 caption vertical position ( % or px )","default":"45%","info":"Vertically align the caption and button.. % values are recommended - 20%, 30%"},{"type":"header","content":"Slide 3"},{"type":"text","id":"slide3_url","label":"slide 3 link","default":"\/collections\/all"},{"type":"text","id":"slide3_alt","label":"slide 3 alt text","default":"Slide 3 alt text"},{"type":"text","id":"slide-3-title","label":"slide 3 title","default":"add a title"},{"type":"textarea","id":"slide-3-caption","label":"slide 3 caption"},{"type":"checkbox","id":"slide-3-button","label":"Show slide 3 button"},{"type":"text","id":"slide-3-button-text","label":"Slide 3 button text","default":"Slide 3 button text"},{"type":"select","id":"slide_3_caption-align","label":"Slide 3 caption text horizontal alignment","options":[{"value":"left","label":"Left"},{"value":"center","label":"Center"},{"value":"right","label":"Right"}]},{"type":"text","id":"slide_3_caption-position","label":"Slide 3 caption vertical position ( % or px )","default":"45%","info":"Vertically align the caption and button.. % values are recommended - 20%, 30%"},{"type":"header","content":"Slide 4"},{"type":"text","id":"slide4_url","label":"slide 4 link","default":"\/collections\/all"},{"type":"text","id":"slide4_alt","label":"slide 4 alt text","default":"Slide 4 alt text"},{"type":"text","id":"slide-4-title","label":"slide 4 title","default":"add a title"},{"type":"textarea","id":"slide-4-caption","label":"slide 4 caption"},{"type":"checkbox","id":"slide-4-button","label":"Show slide 4 button"},{"type":"text","id":"slide-4-button-text","label":"Slide 4 button text","default":"Slide 4 button text"},{"type":"select","id":"slide_4_caption-align","label":"Slide 4 caption text horizontal alignment","options":[{"value":"left","label":"Left"},{"value":"center","label":"Center"},{"value":"right","label":"Right"}]},{"type":"text","id":"slide_4_caption-position","label":"Slide 4 caption vertical position ( % or px )","default":"45%","info":"Vertically align the caption and button.. % values are recommended - 20%, 30%"},{"type":"header","content":"Slide 5"},{"type":"text","id":"slide5_url","label":"slide 5 link","default":"\/collections\/all"},{"type":"text","id":"slide5_alt","label":"slide 5 alt text","default":"Slide 5 alt text"},{"type":"text","id":"slide-5-title","label":"slide 5 title","default":"add a title"},{"type":"textarea","id":"slide-5-caption","label":"slide 5 caption"},{"type":"checkbox","id":"slide-5-button","label":"Show slide 5 button"},{"type":"text","id":"slide-5-button-text","label":"Slide 5 button text","default":"Slide 5 button text"},{"type":"select","id":"slide_5_caption-align","label":"Slide 5 caption text horizontal alignment","options":[{"value":"left","label":"Left"},{"value":"center","label":"Center"},{"value":"right","label":"Right"}]},{"type":"text","id":"slide_5_caption-position","label":"Slide 5 caption vertical position ( % or px )","default":"45%","info":"Vertically align the caption and button.. % values are recommended - 20%, 30%"}]},{"name":"Home page - featured products","settings":[{"type":"collection","id":"homepage-collection","label":"Choose a collection"},{"type":"select","id":"homepage-product-limit","label":"How many products","options":[{"value":"4","label":"4"},{"value":"8","label":"8"},{"value":"12","label":"12"},{"value":"16","label":"16"},{"value":"20","label":"20"},{"value":"24","label":"24"},{"value":"28","label":"28"},{"value":"32","label":"32"},{"value":"36","label":"36"},{"value":"40","label":"40"},{"value":"44","label":"44"},{"value":"48","label":"48"}]},{"type":"select","id":"homepage-product-layout","label":"Show grid or carousel","options":[{"value":"grid","label":"Grid"},{"value":"carousel","label":"Carousel"}]}]},{"name":"Home page - featured image boxes","settings":[{"type":"checkbox","id":"promo1","label":"Show first image"},{"type":"image","id":"promo1.jpg","label":"Image 1","info":"600px wide .jpg"},{"type":"text","id":"promo1_url","label":"Image 1 link","default":"\/collections\/all"},{"type":"text","id":"promo1_title","label":"Image 1 title","default":"Image 1 title"},{"type":"checkbox","id":"promo2","label":"Show second image"},{"type":"image","id":"promo2.jpg","label":"Image 2","info":"600px wide .jpg"},{"type":"text","id":"promo2_url","label":"Image 2 link","default":"\/collections\/all"},{"type":"text","id":"promo2_title","label":"Image 2 title","default":"Image 2 title"},{"type":"checkbox","id":"promo3","label":"Show third image"},{"type":"image","id":"promo3.jpg","label":"Image 3","info":"600px wide .jpg"},{"type":"text","id":"promo3_url","label":"Image 3 link","default":"\/collections\/all"},{"type":"text","id":"promo3_title","label":"Image 3 title","default":"Image 3 title"}]},{"name":"Home page - featured collections","settings":[{"type":"paragraph","content":"Tip: Create a Linklist in the Navigation that contains links to Collections... Any Collections linked in this list will show on the homepage if selected below"},{"type":"link_list","id":"home-collection-linklist","label":"Collection list","info":"Choose a menu containing only the collections you want to show"},{"type":"select","id":"homepage-collection-layout","label":"Show grid or carousel","options":[{"value":"grid","label":"Grid"},{"value":"carousel","label":"Carousel"}]}]},{"name":"Home page - parallax images","settings":[{"type":"header","content":"Parallax image 1"},{"type":"image","id":"parallax-background-1.jpg","label":"Upload a background image","max-width":1920,"info":"1920 x 1080px .jpg recommended"},{"type":"select","id":"pages-1-content","label":"Choose image overlay content","options":[{"value":"text","label":"Short text"},{"value":"page-content","label":"Page content"},{"value":"none","label":"None"}]},{"type":"page","id":"pages-1","label":"Choose page content","info":"If page content chosen, select a page to show"},{"type":"text","id":"pages-1-text","label":"Add text","info":"If text chosen above, add text"},{"type":"text","id":"pages-1-link","label":"Add a link","info":"If text chosen, add a link"},{"type":"text","id":"pages-1-height","label":"Section height","info":"If text chosen, set section height in px"},{"type":"color","id":"pages-1-text-color","label":"Text color","default":"#fff","info":"If text chosen, set text color"},{"type":"header","content":"Parallax image 2"},{"type":"image","id":"parallax-background-2.jpg","label":"Upload a background image","max-width":1920,"info":"1920 x 1080px .jpg recommended"},{"type":"select","id":"pages-2-content","label":"Choose image overlay content","options":[{"value":"text","label":"Short text"},{"value":"page-content","label":"Page content"},{"value":"none","label":"None"}]},{"type":"page","id":"pages-2","label":"Choose page content","info":"If page content chosen, select a page to show"},{"type":"text","id":"pages-2-text","label":"Add text","info":"If text chosen above, add text"},{"type":"text","id":"pages-2-link","label":"Add a link","info":"If text chosen, add a link"},{"type":"text","id":"pages-2-height","label":"Section height","info":"If text chosen, set section height in px"},{"type":"color","id":"pages-2-text-color","label":"Text color","default":"#fff","info":"If text chosen, set text color"},{"type":"header","content":"Parallax image 3"},{"type":"image","id":"parallax-background-3.jpg","label":"Upload a background image","max-width":1920,"info":"1920 x 1080px .jpg recommended"},{"type":"select","id":"pages-3-content","label":"Choose image overlay content","options":[{"value":"text","label":"Short text"},{"value":"page-content","label":"Page content"},{"value":"none","label":"None"}]},{"type":"page","id":"pages-3","label":"Choose page content","info":"If page content chosen, select a page to show"},{"type":"text","id":"pages-3-text","label":"Add text","info":"If text chosen above, add text"},{"type":"text","id":"pages-3-link","label":"Add a link","info":"If text chosen, add a link"},{"type":"text","id":"pages-3-height","label":"Section height","info":"If text chosen, set section height in px"},{"type":"color","id":"pages-3-text-color","label":"Text color","default":"#fff","info":"If text chosen, set text color"},{"type":"header","content":"Parallax image 4"},{"type":"image","id":"parallax-background-4.jpg","label":"Upload a background image","max-width":1920,"info":"1920 x 1080px .jpg recommended"},{"type":"select","id":"pages-4-content","label":"Choose image overlay content","options":[{"value":"text","label":"Short text"},{"value":"page-content","label":"Page content"},{"value":"none","label":"None"}]},{"type":"page","id":"pages-4","label":"Choose page content","info":"If page content chosen, select a page to show"},{"type":"text","id":"pages-4-link","label":"Add a link","info":"If text chosen, add a link"},{"type":"text","id":"pages-4-text","label":"Add text","info":"If text chosen above, add text"},{"type":"text","id":"pages-4-height","label":"Section height","info":"If text chosen, set section height in px"},{"type":"color","id":"pages-4-text-color","label":"Text color","default":"#fff","info":"If text chosen, set text color"},{"type":"header","content":"Parallax image 5"},{"type":"image","id":"parallax-background-5.jpg","label":"Upload a background image","max-width":1920,"info":"1920 x 1080px .jpg recommended"},{"type":"select","id":"pages-5-content","label":"Choose image overlay content","options":[{"value":"text","label":"Short text"},{"value":"page-content","label":"Page content"},{"value":"none","label":"None"}]},{"type":"page","id":"pages-5","label":"Choose page content","info":"If page content chosen, select a page to show"},{"type":"text","id":"pages-5-text","label":"Add text","info":"If text chosen above, add text"},{"type":"text","id":"pages-5-link","label":"Add a link","info":"If text chosen, add a link"},{"type":"text","id":"pages-5-height","label":"Section height","info":"If text chosen, set section height in px"},{"type":"color","id":"pages-5-text-color","label":"Text color","default":"#fff","info":"If text chosen, set text color"}]},{"name":"Home page - featured blog","settings":[{"type":"blog","id":"homepage-blog","label":"Choose a Blog"},{"type":"select","id":"homepage-post-limit","label":"How many blog posts","options":[{"value":"2","label":"2"},{"value":"4","label":"4"},{"value":"6","label":"6"}]}]},{"name":"Home page - Instagram","settings":[{"type":"paragraph","content":"Connects directly to your account and feeds automatically with your latest images"},{"type":"paragraph","content":"Important Instagram user feed setup requires an account authorisation to display your images - [click here](http:\/\/support.undergroundmedia.co.uk\/customer\/portal\/articles\/2386318-home-page---instagram-feed) for instructions"},{"type":"text","id":"instagram-user-id","label":"Instagram user id number"},{"type":"text","id":"instagram-access-token","label":"Instagram access token"},{"type":"select","id":"instagram-limit","label":"How many images to show","options":[{"value":"6","label":"6"},{"value":"12","label":"12"},{"value":"18","label":"18"},{"value":"24","label":"24"}]}]},{"name":"Collection Page","settings":[{"type":"paragraph","content":"Need Some help - visit our [theme instructions pages](http:\/\/support.undergroundmedia.co.uk\/customer\/portal\/articles\/1695157-collection-pages)"},{"type":"link_list","id":"all-collections","label":"All collections page control"},{"type":"checkbox","id":"image-flip","label":"Switch product images on hover"},{"type":"checkbox","id":"max-height","label":"Use max height to align images"},{"type":"text","id":"desktop-image-height","label":"Max height px desktop only"},{"type":"text","id":"tablet-image-height","label":"Max height px tablet only"},{"type":"text","id":"mobile-image-height","label":"Max height px mobile only"},{"type":"select","id":"products_per_row","label":"How many products per row","options":[{"value":"3","label":"3"},{"value":"4","label":"4"}]},{"type":"select","id":"products_per_page","label":"How many products per page","options":[{"value":"24","label":"24"},{"value":"36","label":"36"},{"value":"48","label":"48"}]},{"type":"select","id":"details-align","label":"Product detail text alignment","options":[{"value":"left","label":"Left"},{"value":"center","label":"Center"},{"value":"right","label":"Right"}]},{"type":"checkbox","id":"vendor","label":"Show product vendor"},{"type":"checkbox","id":"quickview","label":"Enable Quick view"},{"type":"checkbox","id":"show_collection_sidebar","label":"Enable sidebar","default":true},{"type":"checkbox","id":"sticky-sidebar","label":"Make sidebar sticky"},{"type":"checkbox","id":"collection_links_1","label":"Show menu 1","default":true},{"type":"link_list","id":"collection_side_1","label":"Choose menu 1"},{"type":"checkbox","id":"collection_links_2","label":"Show menu 2","default":true},{"type":"link_list","id":"collection_side_2","label":"Choose menu 2"},{"type":"checkbox","id":"collection_links_3","label":"Show menu 3","default":true},{"type":"link_list","id":"collection_side_3","label":"Choose menu 3"},{"type":"checkbox","id":"collection_links_4","label":"Show menu 4","default":true},{"type":"link_list","id":"collection_side_4","label":"Choose menu 4"},{"type":"checkbox","id":"shop_by_designer","label":"Show vendor list","default":true},{"type":"text","id":"shop_by_designer_title","label":"Vendor list title","default":"Shop by Designer"}]},{"name":"Product Page","settings":[{"type":"checkbox","id":"show_product_sidebar","label":"Show sidebar","default":true},{"type":"checkbox","id":"enable-zoom","label":"Enable image zoom","default":true},{"type":"select","id":"thumbnails","label":"Image thumbnail position","options":[{"value":"left","label":"Left"},{"value":"right","label":"Right"}]},{"type":"checkbox","id":"show-sku","label":"Show variant SKU","default":true},{"type":"text","id":"product-note","label":"Product page note"}]},{"name":"Blog page","settings":[{"type":"paragraph","content":"Need Some help - visit our [theme instructions pages](http:\/\/support.undergroundmedia.co.uk\/customer\/portal\/articles\/1695164-blog-setup)"},{"type":"checkbox","id":"show-twitter-feed","label":"Show Twitter feed","default":true},{"type":"text","id":"twitter-widget","label":"Twitter widget ID"},{"type":"checkbox","id":"show-facebook-like","label":"Show Facebook like box","default":true}]},{"name":"Contact page","settings":[{"type":"paragraph","content":"Need Some help - visit our [theme instructions pages](http:\/\/support.undergroundmedia.co.uk\/customer\/portal\/articles\/1695166-pages-and-contact-form-setup)"},{"type":"link_list","id":"pagelist","label":"Choose a sidebar menu"},{"type":"text","id":"page-sidebar-title","label":"Page Sidebar Title","default":"Sidebar title"},{"type":"header","content":"Contact form"},{"type":"checkbox","id":"show-map","label":"Show Google map"},{"type":"text","id":"map","label":"Google map embed code"}]},{"name":"Cart page","settings":[{"type":"checkbox","id":"cart_notes_enable","label":"Enable cart notes"},{"type":"select","id":"ajax_cart_method","label":"Cart type","options":[{"value":"drawer","label":"Drawer"},{"value":"page","label":"Page"}]}]},{"name":"Social media","settings":[{"type":"checkbox","id":"show_twitter","label":"Show Twitter","default":true},{"type":"text","id":"twittername","label":"Your Twitter link","default":"enter url","info":"Example: http:\/\/twitter.com\/shopify"},{"type":"checkbox","id":"show_facebook","label":"Show facebook","default":true},{"type":"text","id":"facebook_url","label":"Your facebook url","default":"enter url","info":"Example: http:\/\/facebook.com\/shopify"},{"type":"checkbox","id":"show_pinterest","label":"Show Pinterest","default":true},{"type":"text","id":"pinterest_url","label":"Your Pinterest url","default":"enter url","info":"Example: http:\/\/pinterest.com\/shopify"},{"type":"checkbox","id":"show_tumblr","label":"Show Tumblr","default":true},{"type":"text","id":"tumblr_url","label":"Your Tumblr url","default":"enter url","info":"Example: http:\/\/shopify.tumblr.com"},{"type":"checkbox","id":"show_youtube","label":"Show YouTube","default":true},{"type":"text","id":"youtube_url","label":"Your YouTube url","default":"enter url","info":"Example: http:\/\/youtube.com\/shopify"},{"type":"checkbox","id":"show_googleplus","label":"Show Google+","default":true},{"type":"text","id":"googleplus_url","label":"Your Google+ url","default":"enter url","info":"Example: http:\/\/plus.google.com\/shopify"},{"type":"checkbox","id":"show_instagram","label":"Show Instagram","default":true},{"type":"text","id":"instagram-id","label":"Your Instagram ID","default":"enter id only","info":"Example: shopify"},{"type":"checkbox","id":"show_rss","label":"Show Rss Feed","default":true}]},{"name":"Newsletter","settings":[{"type":"paragraph","content":"Need Some help - visit our [theme instructions pages](http:\/\/support.undergroundmedia.co.uk\/customer\/portal\/articles\/1695167-social-media-and-email-signup)"},{"type":"checkbox","id":"popup","label":"Enable newsletter popup","info":"Shows once every 7 days per customer"},{"type":"checkbox","id":"email_popup_image","label":"Add Image to Popup","info":"Include an image with the newsletter popup"},{"type":"image","id":"popup-image.jpg","label":"Email Popup image","max-width":480,"info":"Max width 480px .jpg recommended"},{"type":"textarea","id":"mailchimp","label":"Your Mailchimp form action code","info":"Connects your Mailchimp account to the signup forms"}]},{"name":"Footer","settings":[{"type":"link_list","id":"footer-2-links","label":"Footer column 2 menu"},{"type":"link_list","id":"footer-3-links","label":"Footer column 3 menu"},{"type":"textarea","id":"footer_signup_text","label":"Footer newsletter signup Text"}]},{"name":"Currency","settings":[{"type":"paragraph","content":"To offer multiple currencies on your online store, you must first [edit your store's currency formatting](https:\/\/docs.shopify.com\/support\/settings\/general\/tell-my-script-where-to-find-money-formats)."},{"type":"checkbox","id":"show_multiple_currencies","label":"Enable currency conversion","default":true,"info":"Even though prices are displayed in different currencies, orders will still be processed in your store's currency."},{"type":"select","id":"currency_format","label":"Format","options":[{"value":"money_format","label":"Without currency ($10.00)"},{"value":"money_with_currency_format","label":"With currency ($10.00 CAD)"}],"default":"money_with_currency_format"},{"type":"text","id":"supported_currencies","label":"Supported currencies","default":"INR GBP CAD USD AUD EUR JPY","info":"Use the country's ISO [currency code](http:\/\/www.xe.com\/iso4217.php). Separate your currency codes with a space."},{"type":"text","id":"default_currency","label":"Default currency","default":"USD"}]}]