{"presets":{"Dolce":{"full-width-header":false,"enable_banner":true,"use_logo_image":false,"header-border":true,"password_bg":"yes","bg":"no_bg","background-position":"left top","background-repeat":"repeat","background":"#ffffff","dotted_color":"#f0f0f0","logo-color":"#000000","banner_background":"#3f3f3f","banner_color":"#ffffff","homepage-header-pre-scroll-background":"#ffffff","homepage-header-background":"#ffffff","homepage-pre-scroll-navigation-color":"#000000","homepage-pre-scroll-navigation-color-hover":"#333333","homepage-navigation-color":"#000000","homepage-navigation-color-hover":"#333333","homepage-header-pre-scroll-background-ros":"#ffffff","homepage-header-background-ros":"#ffffff","homepage-pre-scroll-navigation-color-ros":"#000000","homepage-pre-scroll-navigation-color-hover-ros":"#333333","homepage-pre-scroll-navigation-active-ros":"#666666","homepage-navigation-color-ros":"#000000","homepage-navigation-color-hover-ros":"#333333","header-color":"#000000","text_color":"#000000","link_color":"#000000","link_hover_color":"#000000","slide-title-color":"#000000","caption-color":"#ffffff","caption-background":"rgba(0,0,0,0)","caption-rgba":false,"cta_color":"#ffffff","cta_color_hover":"#ffffff","cta_background":"#000000","cta_background_hover":"#000000","section-title-border-color":"#000000","homepage-collection-title-color":"#454545","homepage-collection-background":"#ffffff","promo-title-color":"#000000","promo-background-color":"#ffffff","homepage-collect-title-color":"#454545","homepage-collect-background":"#ffffff","homepage-blog-color":"#000000","homepage-blog-background":"#ffffff","homepage-social-color":"#000000","homepage-social-background":"#ffffff","instagram-title-color":"#454545","instagram-background-color":"#ffffff","button_color":"#000000","button_text":"#ffffff","button_hover":"#000000","read-more-background":"#eeeeee","read-more-hover-background":"#999999","read-more-link-color":"#999999","read-more-link-hover-color":"#ffffff","icons":"#444444","icons-hover":"#222222","sale-color":"#ba2323","prod-qv-background":"#000000","prod-qv-text":"#ffffff","prod-qv-background-hover":"#ffffff","prod-qv-text-hover":"#000000","new-background":"#e5e5e5","new-color":"#000000","sale-icon-background":"#af2b2b","sale-icon-color":"#ffffff","so-background":"#000000","so-color":"#ffffff","product-note-color":"#000000","product-note-background":"#f8f8f8","footer_border":"#dddddd","footer_background":"#eeeeee","footer_title_color":"#000000","footer_text":"#000000","footer_link_color":"#000000","footer_link_hover":"#000000","footer_icons_color":"#000000","footer_icons_hover_color":"#000000","footer_input":"#ffffff","footer_input_text":"#000000","footer_button":"#000000","footer_button_hover":"#000000","footer_button_text":"#ffffff","footer_button_text_hover":"#ffffff","banner_size":"12px","banner_font":"'Roboto', sans-serif;","logo-font":"'Josefin Sans', sans-serif","logo-size":"28px","logo-transform":"uppercase","logo-weight":"300","font":"'Roboto', sans-serif;","headings_font":"'Roboto', sans-serif;","h1-size":"22px","h2-size":"18px","h3-size":"16px","h4-size":"14px","h5-size":"14px","h6-size":"14px","heading-transform":"uppercase","heading-weight":"700","font-size":"13px","link-decoration":"none","navigation-font":"'Roboto', sans-serif;","nav_size":"14px","nav-weight":"400","navigation-transform":"uppercase","dropdown-transform":"uppercase","dropdown-size":"13px","section-title-border":"1px","section-title-align":"center","icon-font":"'Roboto', sans-serif;","icon-font-size":"11px","slide-title-font":"'Roboto', sans-serif;","slide-title-size":"26px","slide-title-weight":"700","caption-font":"'Roboto', sans-serif;","caption-size":"18px","cta_size":"16px","cta_weight":"700","parallax-font-size":"36px","parallax-font":"'Roboto', sans-serif;","parallax-font-weight":"700","promo-font":"'Roboto', sans-serif;","promo-text-weight":"normal","promo-text-size":"20px","footer_text_align":"left","footer_title_weight":"500","footer_title_transform":"uppercase","footer_title_size":"13px","nav_promo_image":true,"mega_1_show":false,"mega_1_links":"shop-by-collection","mega_2_show":false,"mega_2_links":"shop-by-product","mega_3_show":false,"mega_3_links":"quick-links","mega_4_show":false,"mega_4_links":"","breadcrumb":false,"home_section_1":"homepage-products","home_section_2":"homepage-banner_1","home_section_3":"homepage-promo","home_section_4":"homepage-banner_2","home_section_5":"homepage-instagram","home_section_6":"","home_section_7":"","home_section_8":"","home_section_9":"","home_section_10":"","home_section_11":"","slideshow":"flexslider","slide-1-check":true,"slide-2-check":true,"slide-3-check":true,"slide-4-check":false,"slide-5-check":false,"homepage-content":false,"homepage-slideshow-height":"900px","slideshow-speed":"7000","slide-1-caption":"Caption","slide-1-button":false,"slide_1_caption-align":"center","slide-2-caption":"Caption","slide-2-button":false,"slide_2_caption-align":"center","slide-3-caption":"Caption","slide-3-button":false,"slide_3_caption-align":"center","slide-4-caption":"Caption","slide-4-button":false,"slide_4_caption-align":"right","slide-5-caption":"Caption","slide-5-button":false,"slide_5_caption-align":"left","homepage-product-limit":"12","homepage-product-layout":"carousel","promo1":true,"promo2":true,"promo3":true,"homepage-collections":false,"home-collection-linklist":"","homepage-collection-layout":"carousel","pages-1-content":"text","pages-1-text-color":"#ffffff","pages-2-content":"text","pages-2-text-color":"#ffffff","pages-3-content":"text","pages-3-text-color":"#ffffff","pages-4-content":"text","pages-4-text-color":"#ffffff","pages-5-content":"text","pages-5-text-color":"#ffffff","homepage-post-limit":"4","instagram-limit":"6","all-collections":"","max-height":false,"products_per_row":"3","products_per_page":"24","details-align":"center","vendor":false,"quickview":true,"show_collection_sidebar":true,"sticky-sidebar":true,"collection_links_1":true,"collection_side_1":"shop-by-collection","collection_links_2":true,"collection_side_2":"shop-by-product","collection_links_3":false,"collection_side_3":"","collection_links_4":false,"collection_side_4":"","shop_by_designer":false,"show_product_sidebar":false,"enable-zoom":true,"thumbnails":"right","show-sku":false,"show-twitter-feed":false,"show-facebook-like":false,"pagelist":"","show-map":false,"cart_notes_enable":true,"ajax_cart_method":"drawer","show_twitter":false,"show_facebook":false,"show_pinterest":false,"show_tumblr":false,"show_youtube":false,"show_googleplus":false,"show_instagram":false,"show_rss":false,"popup":true,"email_popup_image":true,"mailchimp":"Your Mailchimp List URL","footer-2-links":"shop-by-collection","footer-3-links":"shop-by-product","footer_signup_text":"","show_multiple_currencies":false,"currency_format":"money_format","checkout_use_header_image":false,"checkout_banner_background_color":"#ffffff","checkout_logo":"","checkout_accent_color":"#2a9dcc","checkout_button_color":"#2a9dcc","checkout_call_to_action_color":"#8fc243","banner_align":"center","transparent-header":false,"pages-1-background-image":true,"pages-1-background-color":"#ffffff","pages-2-background-image":true,"pages-2-background-color":"#ffffff","Instagram-background-color":"#ffffff","smart_collection":false,"american_express":true,"discover":true,"mastercard":true,"paypal":true,"visa":true,"custom-css":"","order-summary-background":"#fafafa","homepage-images":true,"slide2":true,"slide3":true,"slide4":false,"slide5":false,"homepage-products":true,"promo":true,"promo-background-image":true,"promo-text-color":"#000000","first-image":false,"leftlink":"\/collections\/all","second-image":false,"rightlink":"\/collections\/all","pages":true,"pages-left":"","pages-background-image":true,"pages-background-color":"#e3e3e3","show-instagram-feed":false,"evil-popup":true,"customer_layout":"theme","collection_linklist_1_title":"Shop by Collection","collection_linklist_2_title":"","collection_linklist_3_title":"","collection_linklist_4_title":"","smart-collection":"false","collection-links-1":"true","collection-linklist-1-title":"Shop by Collection","collection-side-1":"","collection-links-2":"false","collection-linklist-2-title":"Shop by Product","collection-side-2":"","collection-links-3":"false","collection-linklist-3-title":"Shop by Style","collection-side-3":"","collection-links-4":"false","collection-linklist-4-title":"Shop by Occasion","collection-side-4":"","shop-by-designer":"false","shop-by-designer-title":"Designers title","homepage-collection-title":"","homepage-collect-title":"","signup-text":"<h3>Signup for Awesome<\/h3>\r\n<p>Enter your email address for stock alerts, discounts, promotions and more!<\/p>\r\n<p>We will not share your data or spam you<\/p>","dankort":"false","diners":"false","forbru":"false","google":"false","jcb":"false","maestro":"true","solo":"false","web-tools":"","checkout_use_logo_image":"true","prod-text":"#ffffff","show-blog-instagram-feed":"true","prodcut-swatch":"true","product-title-size":"12px","price-size":"12px","popup-one-title":"Size Guide","popup-two-title":"Returns","popup-three-title":"Delivery","popup-four-title":"Ask us a question","popups":"true","popup-2":"true","popup-3":"true","popup-4":"true","homepage-header-pre-scroll-background-rgba":"255,255,255,0","homepage-header-background-rgba":"0,0,0,0.8","homepage-header-pre-scroll-background-rgba-ros":"255,255,255,1","homepage-header-background-rgba-ros":"255,255,255,0.9","header-background-opacity":"true","header-background-opacity-ros":"true","logo-border-color":"#000000","pages-title-color":"#ffd450","logo-border":"no","logo-border-size":"1px","homepage-header-pre-scroll-color":"#ffffff","homepage-header-color":"#000000","homepage-header-pre-scroll-hover-background-color":"#ffffff","homepage-header-pre-scroll-hover-text-color":"#ffffff","navigation":"#fafafa","nav_color":"#ffffff","nav_hover_color":"#333333","nav_hover_link_color":"#d5d5d5","nav-border-color":"#dddddd","dropdown-background":"#f5f5f5","dropdown-link-color":"#454545","dropdown-link-hover-color":"#000000","dropdown-hover-background":"#f5f5f5","header":"","header-icons":"#ffffff","header-icons-hover":"#d5d5d5","hello-color":"#000000","product-border-color":"#000000","sort-a":"Filter by Color","sort-b":"Filter by Size","sort-c":"Filter by Style","product-page-border":"#f0f0f0","product-form-background":"#ffffff","ihomepage-header-background-rgba":"","hello":"Enter some promotional text here.","sort_a":"BLACK, HEATHER GREY, MOONBEAM, PINK, PURPLE, WATERMELON, BLUE, SAND, GREEN, GRASS, HIBISCUS, OCEAN, HENNA, MIDNIGHT, RED, WHITE, GREY, PINK, CREAM, ARMY, INDIA PINK, OCEAN","sort_b":"X SMALL, SMALL, MEDIUM, LARGE, X LARGE, XX LARGE","sort_c":"TEES, LONG SLEEVE, TANKS, JEWELRY, HOODIES, SAVASANA PULLOVERS, FESTIVAL TANKS, SWEATSHIRTS, SWEATPANTS, MUSCLE TEE, HATS","nav-style":"full","nav-top-border-height":"1px","nav-bottom-border-height":"1px","hello-size":"14px","hello-weight":"300","product-border-size":"5px","enable-hello":"true","product-border":"false","filters":"false","sort-dropdown-a-check":"true","sort-dropdown-b-check":"true","sort-dropdown-c-check":"true","subtitle":"false","midlink":"\/collections\/all","title-color":"#ffffff","video-embed":"Enter a full video embed code","homepage-display":"slideshow","caption-alignment":"center","title-font":"'Montserrat', sans-serif","title-size":"32px","title-weight":"700","caption-weight":"300","display-wide":"true","slide-1-mask":"false","slide-1-content":"true","slide-2-mask":"true","slide-2-content":"true","slide-3-mask":"true","slide-3-content":"true","slide-4-mask":"false","slide-4-content":"true","slide-5-mask":"false","slide-5-content":"true","four-per-row":"true","homepage-blog-title":"NEWS FEED","instagram_url":"http:\/\/www.instagram.com","index-links-border-color":"#eee","index-links-background-color":"#fff","index-links-text-color":"#444","index-links-background-hover-color":"#f9f9f9","index-links-text-hover-color":"#444","index-links-font":"'Montserrat', sans-serif","index-links-size":"16px","index-links-weight":"300","show-index-links":"false","index-links-border":"true","footer-1-title":"The Company...","footer-2-title":"From the Blog...","footer-3-title":"Important stuff...","footer-4-title":"Connect...","footer-background":"#2b2a2a","footer-title-color":"#fff","footer-text":"#d9d5ca","footer-hover-link":"#8a4d36","credit":"true","nav-top-border":"#f0f0f0","nav-bottom-border":"#f0f0f0","nav_dropdown_color":"#fff","dropdown_background_color":"#232323","dropdown_hover_link_color":"#ffffff","dropdown_hover_background_color":"#161616","nav_weight":"normal","dropdown-font-size":"11px","nav-border":"true","homepage-blog-title-color":"#8a4d36","homepage-blog-text-color":"#999","blog-background-color":"#f7f7f7","homepage-blog-title-align":"left","homepage-products-title-align":"center","use-blog-background-image":"false","mask":"false","homepage-products-title-color":"#8a4d36","homepage-products-background":"#fdfcf7","homepage-collections-title":"Shop by Collection","homepage-collections-title-color":"#8a4d36","homepage-collections-background":"#fff","homepage-content-1-title-color":"#000","homepage-content-1-color":"#999","homepage-content-1-background-color":"#fff","homepage-content-2-title-color":"#fff","homepage-content-2-color":"#fff","homepage-content-2-background-color":"#f7f7f7","homepage-content-3-title-color":"#000","homepage-content-3-color":"#444","homepage-content-3-background-color":"#fff","homepage-content-4-title-color":"#fff","homepage-content-4-color":"#fff","homepage-content-4-background-color":"#fff","homepage-content-5-title-color":"#000","homepage-content-5-color":"#999","homepage-content-5-background-color":"#fff","single-product-title":"A Theme for Single or Multiple Products","homepage-single-product-title-color":"#000","homepage-single-product-color":"#999","homepage-single-product-background-color":"#fff","homepage-collections-title-align":"center","index-1-align":"left","index-2-align":"left","index-3-align":"left","index-4-align":"left","index-5-align":"left","homepage-single-product-title-align":"left","page-1":"false","use-content-1-background-image":"false","content-1-mask":"false","page-2":"true","use-content-2-background-image":"true","content-2-mask":"false","page-3":"true","use-content-3-background-image":"false","content-3-mask":"false","page-4":"true","use-content-4-background-image":"true","content-4-mask":"false","page-5":"true","use-content-5-background-image":"false","content-5-mask":"false","use-homepage-single-product-background-image":"false","homepage-single-product-mask":"false","price-bold":"false","footer_hover_color":"#000","homepage-articles":"true","single-product":"true","type-background":"#fff","welcome-1":"Add a Message","welcome-2":"Add a Message","welcome-3":"Add a Message","welcome-bar":"true","shop-by-type":"true","articles":"true","soundcloud-playlist":"https:\/\/soundcloud.com\/moby\/sets\/innocents","soundcloud":"true","homepage-contact-title":"Reach out","homepage-contact-title-color":"#444","contact-background-color":"#f7f7f7","homepage-contact":"true","use-contact-background-image":"true","contact-mask":"true","slide6_url":"\/collections\/all","slide6_alt":"Slide 6 Alt Text","slide7_url":"\/collections\/all","slide7_alt":"Slide 7 Alt Text","slide8_url":"\/collections\/all","slide8_alt":"Slide 8 Alt Text","slide9_url":"\/collections\/all","slide9_alt":"Slide 9 Alt Text","slide10_url":"\/collections\/all","slide10_alt":"Slide 10 Alt Text","slide-6-check":"false","slide-7-check":"false","slide-8-check":"false","slide-9-check":"false","slide-10-check":"false","homepage-left-1-url":"\/collections\/all","homepage-left-1-alt":"homepage-left-1-alt","homepage-left-2-url":"\/collections\/all","homepage-left-2-alt":"homepage-left-2-alt","homepage-right-1-url":"\/collections\/all","homepage-right-1-alt":"homepage-right-1-alt","homepage-right-2-url":"\/collections\/all","homepage-right-2-alt":"homepage-right-2-alt","homepage-right-3-url":"\/collections\/all","homepage-right-3-alt":"homepage-right-3-alt","layout-choose":"slideshow","show-sizes":"true","vimeo_url":"Full Vimeo URL","blogger_url":"Full Blogger URL","wordpress_url":"Full Wordpress URL","show_blogger":"false","show_wordpress":"false","show_vimeo":"true","nav_border":"#d5d5d5","client-id":"Instagram Client ID","hashtag":"shopify","instagram-label":"#shopify on Instagram","instagram":"true","collection-1":"shop","collection-2":"frontpage","collection-3":"shop","popup-one":"size-guide","popup-two":"returns","popup-three":"delivery","footer-1":"the-company","footer-2":"from-the-blog","footer-3":"important","video_embed":"<iframe width=\"2560\" height=\"1440\" src=\"\/\/www.youtube.com\/embed\/jTiFCEhZeC0?rel=0&autohide=1&showinfo=0\" frameborder=\"0\" allowfullscreen><\/iframe>","block1":"homepage-collections","block2":"homepage-products","block3":"None","block4":"None","block5":"None","featured_product":"frontpage","index-links":"main-menu","index-links-hover-color":"#999","homepage-wide":"true","pages-right":"about-this-theme"},"Christian":{"full-width-header":true,"enable_banner":true,"use_logo_image":false,"header-border":false,"password_bg":"yes","bg":"no_bg","background-position":"left top","background-repeat":"repeat","background":"#ffffff","dotted_color":"#f0f0f0","logo-color":"#000000","banner_background":"#000000","banner_color":"#ffffff","homepage-header-pre-scroll-background":"#ffffff","homepage-header-background":"#ffffff","homepage-pre-scroll-navigation-color":"#000000","homepage-pre-scroll-navigation-color-hover":"#000000","homepage-navigation-color":"#000000","homepage-navigation-color-hover":"#000000","homepage-header-pre-scroll-background-ros":"#ffffff","homepage-header-background-ros":"#ffffff","homepage-pre-scroll-navigation-color-ros":"#000000","homepage-pre-scroll-navigation-color-hover-ros":"#000000","homepage-pre-scroll-navigation-active-ros":"#000000","homepage-navigation-color-ros":"#000000","homepage-navigation-color-hover-ros":"#000000","header-color":"#000000","text_color":"#222222","link_color":"#000000","link_hover_color":"#454545","slide-title-color":"#ffffff","caption-color":"#ffffff","caption-background":"rgba(0,0,0,0)","caption-rgba":false,"cta_color":"#ffffff","cta_color_hover":"#ffffff","cta_background":"#000000","cta_background_hover":"#000000","section-title-border-color":"#000000","homepage-collection-title-color":"#000000","homepage-collection-background":"#ffffff","promo-title-color":"#ffffff","promo-background-color":"#ffffff","homepage-collect-title-color":"#000000","homepage-collect-background":"#ffffff","homepage-blog-color":"#000000","homepage-blog-background":"#ffffff","homepage-social-color":"#000000","homepage-social-background":"#ffffff","instagram-title-color":"#454545","instagram-background-color":"#ffffff","button_color":"#000000","button_text":"#ffffff","button_hover":"#252525","read-more-background":"#000000","read-more-hover-background":"#000000","read-more-link-color":"#ffffff","read-more-link-hover-color":"#ffffff","icons":"#000000","icons-hover":"#252525","sale-color":"#ba2323","prod-qv-background":"#000000","prod-qv-text":"#ffffff","prod-qv-background-hover":"#d5d5d5","prod-qv-text-hover":"#000000","new-background":"#e5e5e5","new-color":"#000000","sale-icon-background":"#af2b2b","sale-icon-color":"#ffffff","so-background":"#000000","so-color":"#ffffff","product-note-color":"#000000","product-note-background":"#f8f8f8","footer_border":"#eeeeee","footer_background":"#f5f5f5","footer_title_color":"#000000","footer_text":"#000000","footer_link_color":"#000000","footer_link_hover":"#000000","footer_icons_color":"#000000","footer_icons_hover_color":"#000000","footer_input":"#ffffff","footer_input_text":"#000000","footer_button":"#000000","footer_button_hover":"#000000","footer_button_text":"#ffffff","footer_button_text_hover":"#ffffff","banner_size":"11px","banner_font":"'Helvetica Neue', Helvetica, Arial, sans-serif","logo-font":"'Raleway', sans-serif","logo-size":"24px","logo-transform":"uppercase","logo-weight":"700","font":"'Helvetica Neue', Helvetica, Arial, sans-serif","headings_font":"'Helvetica Neue', Helvetica, Arial, sans-serif","h1-size":"20px","h2-size":"18px","h3-size":"16px","h4-size":"14px","h5-size":"14px","h6-size":"12px","heading-transform":"none","heading-weight":"700","font-size":"14px","link-decoration":"none","navigation-font":"'Helvetica Neue', Helvetica, Arial, sans-serif","nav_size":"14px","nav-weight":"300","navigation-transform":"uppercase","dropdown-transform":"none","dropdown-size":"13px","section-title-border":"1px","section-title-align":"center","icon-font":"'Helvetica Neue', Helvetica, Arial, sans-serif","icon-font-size":"11px","slide-title-font":"'Helvetica Neue', Helvetica, Arial, sans-serif","slide-title-size":"26px","slide-title-weight":"700","caption-font":"'Helvetica Neue', Helvetica, Arial, sans-serif","caption-size":"18px","cta_size":"16px","cta_weight":"700","parallax-font-size":"36px","parallax-font":"'Helvetica Neue', Helvetica, Arial, sans-serif","parallax-font-weight":"700","promo-font":"'Helvetica Neue', Helvetica, Arial, sans-serif","promo-text-weight":"normal","promo-text-size":"20px","footer_text_align":"left","footer_title_weight":"500","footer_title_transform":"uppercase","footer_title_size":"13px","nav_promo_image":true,"mega_1_show":true,"mega_1_links":"collection-management","mega_2_show":true,"mega_2_links":"main-menu","mega_3_show":false,"mega_3_links":"","mega_4_show":false,"mega_4_links":"","breadcrumb":false,"home_section_1":"homepage-promo","home_section_2":"homepage-banner_1","home_section_3":"homepage-products","home_section_4":"homepage-banner_2","home_section_5":"homepage-instagram","home_section_6":"","home_section_7":"","home_section_8":"","home_section_9":"","home_section_10":"","home_section_11":"","slideshow":"flexslider","slide-1-check":true,"slide-2-check":false,"slide-3-check":false,"slide-4-check":false,"slide-5-check":false,"homepage-content":false,"homepage-slideshow-height":"1000px","slideshow-speed":"7000","slide-1-caption":"Slide 1 caption","slide-1-button":false,"slide_1_caption-align":"right","slide-2-caption":"Slide 2 Caption","slide-2-button":false,"slide_2_caption-align":"center","slide-3-caption":"Slide 3 Caption","slide-3-button":false,"slide_3_caption-align":"center","slide-4-caption":"Slide 4 Caption","slide-4-button":false,"slide_4_caption-align":"right","slide-5-caption":"Slide 5 Caption","slide-5-button":false,"slide_5_caption-align":"left","homepage-product-limit":"16","homepage-product-layout":"carousel","promo1":true,"promo2":true,"promo3":true,"homepage-collections":true,"home-collection-linklist":"","homepage-collection-layout":"carousel","pages-1-content":"text","pages-1-text-color":"#ffffff","pages-2-content":"text","pages-2-text-color":"#ffffff","pages-3-content":"text","pages-3-text-color":"#ffffff","pages-4-content":"text","pages-4-text-color":"#ffffff","pages-5-content":"text","pages-5-text-color":"#ffffff","homepage-post-limit":"4","instagram-limit":"6","all-collections":"","max-height":false,"products_per_row":"4","products_per_page":"24","details-align":"center","vendor":true,"quickview":true,"show_collection_sidebar":false,"sticky-sidebar":true,"collection_links_1":false,"collection_side_1":"","collection_links_2":false,"collection_side_2":"","collection_links_3":false,"collection_side_3":"","collection_links_4":false,"collection_side_4":"","shop_by_designer":false,"show_product_sidebar":false,"enable-zoom":true,"thumbnails":"right","show-sku":false,"show-twitter-feed":false,"show-facebook-like":false,"pagelist":"","show-map":false,"cart_notes_enable":true,"ajax_cart_method":"drawer","show_twitter":false,"show_facebook":false,"show_pinterest":false,"show_tumblr":false,"show_youtube":false,"show_googleplus":false,"show_instagram":false,"show_rss":false,"popup":true,"email_popup_image":true,"mailchimp":"Your Mailchimp List URL","footer-2-links":"collections","footer-3-links":"","footer_signup_text":"","show_multiple_currencies":false,"currency_format":"money_format","checkout_use_header_image":false,"checkout_banner_background_color":"#ffffff","checkout_logo":"","checkout_accent_color":"#2a9dcc","checkout_button_color":"#2a9dcc","checkout_call_to_action_color":"#8fc243","banner_align":"center","transparent-header":true,"pages-1-background-image":true,"pages-1-background-color":"#ffffff","pages-2-background-image":true,"pages-2-background-color":"#fff","Instagram-background-color":"#ffffff","smart_collection":false,"american_express":true,"discover":false,"mastercard":true,"paypal":true,"visa":true,"custom-css":"","order-summary-background":"#fafafa","homepage-images":false,"slide2":false,"slide3":false,"slide4":false,"slide5":false,"homepage-products":true,"promo":true,"promo-background-image":true,"promo-text-color":"#ffffff","first-image":false,"second-image":false,"pages":true,"pages-background-image":true,"pages-background-color":"#f0f0f0","show-instagram-feed":false,"evil-popup":true,"customer_layout":"theme","smart-collection":"false","collection-links-1":"true","collection-linklist-1-title":"Shop by Collection","collection-side-1":"","collection-links-2":"false","collection-linklist-2-title":"Shop by Product","collection-side-2":"","collection-links-3":"false","collection-linklist-3-title":"Shop by Style","collection-side-3":"","collection-links-4":"false","collection-linklist-4-title":"Shop by Occasion","collection-side-4":"","shop-by-designer":"false","shop-by-designer-title":"Designers title","homepage-collection-title":"","homepage-collect-title":"","signup-text":"<h3>Signup for Awesome<\/h3>\r\n<p>Enter your email address for stock alerts, discounts, promotions and more!<\/p>","dankort":"false","diners":"false","forbru":"false","google":"false","jcb":"false","maestro":"true","solo":"false","web-tools":"","checkout_use_logo_image":"true","prod-text":"#000000","show-blog-instagram-feed":"true","prodcut-swatch":"true","product-title-size":"12px","price-size":"12px","popup-one-title":"Size Guide","popup-two-title":"Returns","popup-three-title":"Delivery","popup-four-title":"Ask us a question","popups":"true","popup-2":"true","popup-3":"true","popup-4":"true","homepage-header-pre-scroll-background-rgba":"255,255,255,0","homepage-header-background-rgba":"0,0,0,0.8","homepage-header-pre-scroll-background-rgba-ros":"255,255,255,1","homepage-header-background-rgba-ros":"255,255,255,0.9","header-background-opacity":"true","header-background-opacity-ros":"true","logo-border-color":"#000000","pages-title-color":"#ffd450","logo-border":"no","logo-border-size":"1px","homepage-header-pre-scroll-color":"#ffffff","homepage-header-color":"#000000","homepage-header-pre-scroll-hover-background-color":"#ffffff","homepage-header-pre-scroll-hover-text-color":"#ffffff","navigation":"#fafafa","nav_color":"#ffffff","nav_hover_color":"#333333","nav_hover_link_color":"#d5d5d5","nav-border-color":"#dddddd","dropdown-background":"#f5f5f5","dropdown-link-color":"#454545","dropdown-link-hover-color":"#000000","dropdown-hover-background":"#f5f5f5","header":"","header-icons":"#ffffff","header-icons-hover":"#d5d5d5","hello-color":"#000000","product-border-color":"#000000","sort-a":"Filter by Color","sort-b":"Filter by Size","sort-c":"Filter by Style","product-page-border":"#f0f0f0","product-form-background":"#ffffff","ihomepage-header-background-rgba":"","hello":"Enter some promotional text here.","sort_a":"BLACK, HEATHER GREY, MOONBEAM, PINK, PURPLE, WATERMELON, BLUE, SAND, GREEN, GRASS, HIBISCUS, OCEAN, HENNA, MIDNIGHT, RED, WHITE, GREY, PINK, CREAM, ARMY, INDIA PINK, OCEAN","sort_b":"X SMALL, SMALL, MEDIUM, LARGE, X LARGE, XX LARGE","sort_c":"TEES, LONG SLEEVE, TANKS, JEWELRY, HOODIES, SAVASANA PULLOVERS, FESTIVAL TANKS, SWEATSHIRTS, SWEATPANTS, MUSCLE TEE, HATS","nav-style":"full","nav-top-border-height":"1px","nav-bottom-border-height":"1px","hello-size":"14px","hello-weight":"300","product-border-size":"5px","enable-hello":"true","product-border":"false","filters":"false","sort-dropdown-a-check":"true","sort-dropdown-b-check":"true","sort-dropdown-c-check":"true","subtitle":"false","midlink":"\/collections\/all","title-color":"#ffffff","video-embed":"Enter a full video embed code","homepage-display":"slideshow","caption-alignment":"center","title-font":"'Montserrat', sans-serif","title-size":"32px","title-weight":"700","caption-weight":"300","display-wide":"true","slide-1-mask":"false","slide-1-content":"true","slide-2-mask":"true","slide-2-content":"true","slide-3-mask":"true","slide-3-content":"true","slide-4-mask":"false","slide-4-content":"true","slide-5-mask":"false","slide-5-content":"true","four-per-row":"true","homepage-blog-title":"NEWS FEED","instagram_url":"http:\/\/www.instagram.com","index-links-border-color":"#eee","index-links-background-color":"#fff","index-links-text-color":"#444","index-links-background-hover-color":"#f9f9f9","index-links-text-hover-color":"#444","index-links-font":"'Montserrat', sans-serif","index-links-size":"16px","index-links-weight":"300","show-index-links":"false","index-links-border":"true","footer-1-title":"The Company...","footer-2-title":"From the Blog...","footer-3-title":"Important stuff...","footer-4-title":"Connect...","footer-background":"#2b2a2a","footer-title-color":"#fff","footer-text":"#d9d5ca","footer-hover-link":"#8a4d36","credit":"true","nav-top-border":"#f0f0f0","nav-bottom-border":"#f0f0f0","nav_dropdown_color":"#fff","dropdown_background_color":"#232323","dropdown_hover_link_color":"#ffffff","dropdown_hover_background_color":"#161616","nav_weight":"normal","dropdown-font-size":"11px","nav-border":"true","homepage-blog-title-color":"#8a4d36","homepage-blog-text-color":"#999","blog-background-color":"#f7f7f7","homepage-blog-title-align":"left","homepage-products-title-align":"center","use-blog-background-image":"false","mask":"false","homepage-products-title-color":"#8a4d36","homepage-products-background":"#fdfcf7","homepage-collections-title":"Shop by Collection","homepage-collections-title-color":"#8a4d36","homepage-collections-background":"#fff","homepage-content-1-title-color":"#000","homepage-content-1-color":"#999","homepage-content-1-background-color":"#fff","homepage-content-2-title-color":"#fff","homepage-content-2-color":"#fff","homepage-content-2-background-color":"#f7f7f7","homepage-content-3-title-color":"#000","homepage-content-3-color":"#444","homepage-content-3-background-color":"#fff","homepage-content-4-title-color":"#fff","homepage-content-4-color":"#fff","homepage-content-4-background-color":"#fff","homepage-content-5-title-color":"#000","homepage-content-5-color":"#999","homepage-content-5-background-color":"#fff","single-product-title":"A Theme for Single or Multiple Products","homepage-single-product-title-color":"#000","homepage-single-product-color":"#999","homepage-single-product-background-color":"#fff","homepage-collections-title-align":"center","index-1-align":"left","index-2-align":"left","index-3-align":"left","index-4-align":"left","index-5-align":"left","homepage-single-product-title-align":"left","page-1":"false","use-content-1-background-image":"false","content-1-mask":"false","page-2":"true","use-content-2-background-image":"true","content-2-mask":"false","page-3":"true","use-content-3-background-image":"false","content-3-mask":"false","page-4":"true","use-content-4-background-image":"true","content-4-mask":"false","page-5":"true","use-content-5-background-image":"false","content-5-mask":"false","use-homepage-single-product-background-image":"false","homepage-single-product-mask":"false","price-bold":"false","footer_hover_color":"#000","homepage-articles":"true","single-product":"true","type-background":"#fff","welcome-1":"Add a Message","welcome-2":"Add a Message","welcome-3":"Add a Message","welcome-bar":"true","shop-by-type":"true","articles":"true","soundcloud-playlist":"https:\/\/soundcloud.com\/moby\/sets\/innocents","soundcloud":"true","homepage-contact-title":"Reach out","homepage-contact-title-color":"#444","contact-background-color":"#f7f7f7","homepage-contact":"true","use-contact-background-image":"true","contact-mask":"true","slide6_url":"\/collections\/all","slide6_alt":"Slide 6 Alt Text","slide7_url":"\/collections\/all","slide7_alt":"Slide 7 Alt Text","slide8_url":"\/collections\/all","slide8_alt":"Slide 8 Alt Text","slide9_url":"\/collections\/all","slide9_alt":"Slide 9 Alt Text","slide10_url":"\/collections\/all","slide10_alt":"Slide 10 Alt Text","slide-6-check":"false","slide-7-check":"false","slide-8-check":"false","slide-9-check":"false","slide-10-check":"false","homepage-left-1-url":"\/collections\/all","homepage-left-1-alt":"homepage-left-1-alt","homepage-left-2-url":"\/collections\/all","homepage-left-2-alt":"homepage-left-2-alt","homepage-right-1-url":"\/collections\/all","homepage-right-1-alt":"homepage-right-1-alt","homepage-right-2-url":"\/collections\/all","homepage-right-2-alt":"homepage-right-2-alt","homepage-right-3-url":"\/collections\/all","homepage-right-3-alt":"homepage-right-3-alt","layout-choose":"slideshow","show-sizes":"true","vimeo_url":"Full Vimeo URL","blogger_url":"Full Blogger URL","wordpress_url":"Full Wordpress URL","show_blogger":"false","show_wordpress":"false","show_vimeo":"true","nav_border":"#d5d5d5","client-id":"Instagram Client ID","hashtag":"shopify","instagram-label":"#shopify on Instagram","instagram":"true","collection-1":"shop","collection-2":"frontpage","collection-3":"shop","popup-one":"size-guide","popup-two":"returns","popup-three":"delivery","footer-1":"the-company","footer-2":"from-the-blog","footer-3":"important","video_embed":"<iframe width=\"2560\" height=\"1440\" src=\"\/\/www.youtube.com\/embed\/jTiFCEhZeC0?rel=0&autohide=1&showinfo=0\" frameborder=\"0\" allowfullscreen><\/iframe>","block1":"homepage-collections","block2":"homepage-products","block3":"None","block4":"None","block5":"None","featured_product":"frontpage","index-links":"main-menu","index-links-hover-color":"#999","homepage-wide":"true","pages-right":"about-this-theme"},"Yves":{"full-width-header":false,"enable_banner":true,"use_logo_image":false,"header-border":true,"password_bg":"yes","bg":"no_bg","background-position":"left top","background-repeat":"repeat","background":"#ffffff","dotted_color":"#f0f0f0","logo-color":"#000000","banner_background":"#000000","banner_color":"#ffffff","homepage-header-pre-scroll-background":"#ffffff","homepage-header-background":"#ffffff","homepage-pre-scroll-navigation-color":"#000000","homepage-pre-scroll-navigation-color-hover":"#333333","homepage-navigation-color":"#000000","homepage-navigation-color-hover":"#333333","homepage-header-pre-scroll-background-ros":"#ffffff","homepage-header-background-ros":"#ffffff","homepage-pre-scroll-navigation-color-ros":"#000000","homepage-pre-scroll-navigation-color-hover-ros":"#333333","homepage-pre-scroll-navigation-active-ros":"#666666","homepage-navigation-color-ros":"#000000","homepage-navigation-color-hover-ros":"#333333","header-color":"#000000","text_color":"#000000","link_color":"#000000","link_hover_color":"#000000","slide-title-color":"#ffffff","caption-color":"#ffffff","caption-background":"rgba(0,0,0,0)","caption-rgba":false,"cta_color":"#ffffff","cta_color_hover":"#ffffff","cta_background":"#000000","cta_background_hover":"#000000","section-title-border-color":"#000000","homepage-collection-title-color":"#000000","homepage-collection-background":"#ffffff","promo-title-color":"#ffffff","promo-background-color":"#ffffff","homepage-collect-title-color":"#000000","homepage-collect-background":"#ffffff","homepage-blog-color":"#000000","homepage-blog-background":"#ffffff","homepage-social-color":"#000000","homepage-social-background":"#ffffff","instagram-title-color":"#000000","instagram-background-color":"#ffffff","button_color":"#000000","button_text":"#ffffff","button_hover":"#000000","read-more-background":"#eeeeee","read-more-hover-background":"#999999","read-more-link-color":"#999999","read-more-link-hover-color":"#ffffff","icons":"#444444","icons-hover":"#222222","sale-color":"#ba2323","prod-qv-background":"#000000","prod-qv-text":"#ffffff","prod-qv-background-hover":"#ffffff","prod-qv-text-hover":"#000000","new-background":"#e5e5e5","new-color":"#000000","sale-icon-background":"#af2b2b","sale-icon-color":"#ffffff","so-background":"#000000","so-color":"#ffffff","product-note-color":"#000000","product-note-background":"#f8f8f8","footer_border":"#dddddd","footer_background":"#eeeeee","footer_title_color":"#000000","footer_text":"#000000","footer_link_color":"#000000","footer_link_hover":"#000000","footer_icons_color":"#000000","footer_icons_hover_color":"#000000","footer_input":"#ffffff","footer_input_text":"#000000","footer_button":"#000000","footer_button_hover":"#000000","footer_button_text":"#ffffff","footer_button_text_hover":"#ffffff","banner_size":"12px","banner_font":"'Open Sans', sans-serif","logo-font":"'Open Sans', sans-serif","logo-size":"26px","logo-transform":"uppercase","logo-weight":"700","font":"'Lato', sans-serif","headings_font":"'Open Sans', sans-serif","h1-size":"22px","h2-size":"18px","h3-size":"14px","h4-size":"14px","h5-size":"14px","h6-size":"14px","heading-transform":"uppercase","heading-weight":"400","font-size":"13px","link-decoration":"none","navigation-font":"'Open Sans', sans-serif","nav_size":"13px","nav-weight":"400","navigation-transform":"uppercase","dropdown-transform":"uppercase","dropdown-size":"11px","section-title-border":"1px","section-title-align":"center","icon-font":"'Open Sans', sans-serif","icon-font-size":"11px","slide-title-font":"'Open Sans', sans-serif","slide-title-size":"26px","slide-title-weight":"700","caption-font":"'Open Sans', sans-serif","caption-size":"18px","cta_size":"16px","cta_weight":"700","parallax-font-size":"36px","parallax-font":"'Open Sans', sans-serif","parallax-font-weight":"700","promo-font":"'Open Sans', sans-serif","promo-text-weight":"bold","promo-text-size":"20px","footer_text_align":"center","footer_title_weight":"500","footer_title_transform":"uppercase","footer_title_size":"13px","nav_promo_image":true,"mega_1_show":true,"mega_1_links":"whats-hot","mega_2_show":true,"mega_2_links":"fashion","mega_3_show":true,"mega_3_links":"accessories","mega_4_show":false,"mega_4_links":"","breadcrumb":false,"home_section_1":"homepage-promo","home_section_2":"homepage-banner_1","home_section_3":"homepage-products","home_section_4":"homepage-banner_2","home_section_5":"homepage-social","home_section_6":"homepage-banner_3","home_section_7":"homepage-blog-posts","home_section_8":"homepage-banner_4","home_section_9":"homepage-collections","home_section_10":"homepage-banner_5","home_section_11":"homepage-instagram","slideshow":"flexslider","slide-1-check":true,"slide-2-check":false,"slide-3-check":false,"slide-4-check":false,"slide-5-check":false,"homepage-content":false,"homepage-slideshow-height":"900px","slideshow-speed":"7000","slide-1-caption":"Caption","slide-1-button":true,"slide_1_caption-align":"left","slide-2-caption":"Caption","slide-2-button":true,"slide_2_caption-align":"center","slide-3-caption":"Caption","slide-3-button":true,"slide_3_caption-align":"center","slide-4-caption":"Caption","slide-4-button":true,"slide_4_caption-align":"right","slide-5-caption":"Caption","slide-5-button":true,"slide_5_caption-align":"left","homepage-product-limit":"8","homepage-product-layout":"carousel","promo1":true,"promo2":true,"promo3":true,"homepage-collections":false,"home-collection-linklist":"homepage-colletions","homepage-collection-layout":"carousel","pages-1-content":"text","pages-1-text-color":"#ffffff","pages-2-content":"page-content","pages-2-text-color":"#ffffff","pages-3-content":"text","pages-3-text-color":"#ffffff","pages-4-content":"text","pages-4-text-color":"#ffffff","pages-5-content":"text","pages-5-text-color":"#ffffff","homepage-post-limit":"4","instagram-limit":"6","all-collections":"collection-control","max-height":false,"products_per_row":"3","products_per_page":"24","details-align":"center","vendor":false,"quickview":true,"show_collection_sidebar":true,"sticky-sidebar":false,"collection_links_1":true,"collection_side_1":"fashion","collection_links_2":true,"collection_side_2":"accessories","collection_links_3":true,"collection_side_3":"whats-hot","collection_links_4":false,"collection_side_4":"","shop_by_designer":false,"show_product_sidebar":false,"enable-zoom":true,"thumbnails":"left","show-sku":false,"show-twitter-feed":false,"show-facebook-like":false,"pagelist":"","show-map":false,"cart_notes_enable":true,"ajax_cart_method":"drawer","show_twitter":true,"show_facebook":true,"show_pinterest":true,"show_tumblr":false,"show_youtube":false,"show_googleplus":false,"show_instagram":true,"show_rss":false,"popup":true,"email_popup_image":true,"mailchimp":"Your Mailchimp List URL","footer-2-links":"whats-hot","footer-3-links":"fashion","footer_signup_text":"","show_multiple_currencies":true,"currency_format":"money_format","checkout_use_header_image":false,"checkout_banner_background_color":"#ffffff","checkout_logo":"","checkout_accent_color":"#2a9dcc","checkout_button_color":"#2a9dcc","checkout_call_to_action_color":"#8fc243","checkout_logo_position":"left","checkout_logo_size":"medium","checkout_use_body_background_image":false,"checkout_body_background_color":"#fff","checkout_input_background_color_mode":"white","checkout_use_sidebar_background_image":false,"checkout_sidebar_background_color":"#fafafa","checkout_heading_font":"Helvetica Neue","checkout_body_font":"Helvetica Neue","checkout_error_color":"#ff6d6d"}},"current":{"full-width-header":false,"enable_banner":true,"banner_message":"Sample text","use_logo_image":false,"header-border":true,"password_bg":"yes","bg":"no_bg","background-position":"left top","background-repeat":"repeat","background":"#ffffff","dotted_color":"#f0f0f0","logo-color":"#000000","banner_background":"#3f3f3f","banner_color":"#ffffff","homepage-header-pre-scroll-background":"#ffffff","homepage-header-background":"#ffffff","homepage-pre-scroll-navigation-color":"#000000","homepage-pre-scroll-navigation-color-hover":"#333333","homepage-navigation-color":"#000000","homepage-navigation-color-hover":"#333333","homepage-header-pre-scroll-background-ros":"#ffffff","homepage-header-background-ros":"#ffffff","homepage-pre-scroll-navigation-color-ros":"#000000","homepage-pre-scroll-navigation-color-hover-ros":"#333333","homepage-pre-scroll-navigation-active-ros":"#666666","homepage-navigation-color-ros":"#000000","homepage-navigation-color-hover-ros":"#333333","header-color":"#000000","text_color":"#000000","link_color":"#000000","link_hover_color":"#000000","slide-title-color":"#000000","caption-color":"#ffffff","caption-background":"rgba(0,0,0,0)","caption-rgba":false,"caption-rgba-color":"255,255,255,0.1","cta_color":"#ffffff","cta_color_hover":"#ffffff","cta_background":"#000000","cta_background_hover":"#000000","section-title-border-color":"#000000","homepage-collection-title-color":"#454545","homepage-collection-background":"#ffffff","promo-title-color":"#000000","promo-background-color":"#ffffff","homepage-collect-title-color":"#454545","homepage-collect-background":"#ffffff","homepage-blog-color":"#000000","homepage-blog-background":"#ffffff","homepage-social-color":"#000000","homepage-social-background":"#ffffff","instagram-title-color":"#454545","instagram-background-color":"#ffffff","button_color":"#000000","button_text":"#ffffff","button_hover":"#000000","read-more-background":"#eeeeee","read-more-hover-background":"#999999","read-more-link-color":"#999999","read-more-link-hover-color":"#ffffff","icons":"#444444","icons-hover":"#222222","sale-color":"#ba2323","prod-qv-background":"#000000","prod-qv-text":"#ffffff","prod-qv-background-hover":"#ffffff","prod-qv-text-hover":"#000000","new-background":"#e5e5e5","new-color":"#000000","sale-icon-background":"#af2b2b","sale-icon-color":"#ffffff","so-background":"#000000","so-color":"#ffffff","product-note-color":"#000000","product-note-background":"#f8f8f8","footer_border":"#dddddd","footer_background":"#eeeeee","footer_title_color":"#000000","footer_text":"#000000","footer_link_color":"#000000","footer_link_hover":"#000000","footer_icons_color":"#000000","footer_icons_hover_color":"#000000","footer_input":"#ffffff","footer_input_text":"#000000","footer_button":"#000000","footer_button_hover":"#000000","footer_button_text":"#ffffff","footer_button_text_hover":"#ffffff","banner_size":"12px","banner_font":"'Roboto', sans-serif;","logo-font":"'Josefin Sans', sans-serif","logo-size":"28px","logo-transform":"uppercase","logo-weight":"300","font":"'Roboto', sans-serif;","headings_font":"'Roboto', sans-serif;","h1-size":"22px","h2-size":"18px","h3-size":"16px","h4-size":"14px","h5-size":"14px","h6-size":"14px","heading-transform":"uppercase","heading-weight":"700","font-size":"13px","link-decoration":"none","navigation-font":"'Roboto', sans-serif;","nav_size":"14px","nav-weight":"400","navigation-transform":"uppercase","dropdown-transform":"uppercase","dropdown-size":"13px","section-title-border":"1px","section-title-align":"center","icon-font":"'Roboto', sans-serif;","icon-font-size":"11px","slide-title-font":"'Roboto', sans-serif;","slide-title-size":"26px","slide-title-weight":"700","caption-font":"'Roboto', sans-serif;","caption-size":"18px","cta_size":"16px","cta_weight":"700","parallax-font-size":"36px","parallax-font":"'Roboto', sans-serif;","parallax-font-weight":"700","promo-font":"'Roboto', sans-serif;","promo-text-weight":"normal","promo-text-size":"20px","footer_text_align":"left","footer_title_weight":"500","footer_title_transform":"uppercase","footer_title_size":"13px","megadropdown_link":"","nav_promo_image":true,"nav_promo_link":"\/collections\/all","mega_1_show":false,"mega_1_links":"shop-by-collection","mega_2_show":false,"mega_2_links":"shop-by-product","mega_3_show":false,"mega_3_links":"quick-links","mega_4_show":false,"mega_4_links":"","breadcrumb":false,"home_section_1":"homepage-products","home_section_2":"homepage-banner_1","home_section_3":"homepage-promo","home_section_4":"homepage-banner_2","home_section_5":"homepage-instagram","home_section_6":"","home_section_7":"","home_section_8":"","home_section_9":"","home_section_10":"","home_section_11":"","slideshow":"flexslider","slide-1-check":true,"slide-2-check":true,"slide-3-check":true,"slide-4-check":false,"slide-5-check":false,"homepage-content":false,"main-page":"","homepage-slideshow-height":"900px","slideshow-speed":"7000","slide1_url":"\/collections\/all","slide1_alt":"Slide 1 Alt Text","slide-1-title":"Slide 1 title","slide-1-caption":"Caption","slide-1-button":false,"slide-1-button-text":"Button","slide_1_caption-align":"center","slide_1_caption-position":"45%","slide2_url":"\/collections\/all","slide2_alt":"Slide 2 Alt Text","slide-2-title":"Slide 2 title","slide-2-caption":"Caption","slide-2-button":false,"slide-2-button-text":"Button","slide_2_caption-align":"center","slide_2_caption-position":"45%","slide3_url":"\/collections\/all","slide3_alt":"Slide 3 Alt text","slide-3-title":"Slide 3 title","slide-3-caption":"Caption","slide-3-button":false,"slide-3-button-text":"Button","slide_3_caption-align":"center","slide_3_caption-position":"45%","slide4_url":"\/collections\/all","slide4_alt":"Slide 4 alt text","slide-4-title":"Slide 4 title","slide-4-caption":"Caption","slide-4-button":false,"slide-4-button-text":"Button","slide_4_caption-align":"right","slide_4_caption-position":"45%","slide5_url":"\/collections\/all","slide5_alt":"Slide 5 Alt text","slide-5-title":"Slide 5 Title","slide-5-caption":"Caption","slide-5-button":false,"slide-5-button-text":"Button","slide_5_caption-align":"left","slide_5_caption-position":"45%","homepage-collection":"","homepage-product-limit":"12","homepage-product-layout":"carousel","promo1":true,"promo1_url":"\/collections\/all","promo1_title":"","promo2":true,"promo2_url":"\/collections\/all","promo2_title":"","promo3":true,"promo3_url":"\/collections\/new","promo3_title":"","homepage-collections":false,"home-collection-linklist":"","homepage-collection-layout":"carousel","pages-1-content":"text","pages-1":"","pages-1-text":"Parallax image 1","pages-1-link":"","pages-1-height":"600","pages-1-text-color":"#ffffff","pages-2-content":"text","pages-2":"","pages-2-text":"Parallax image 2","pages-2-link":"\/collections\/all","pages-2-height":"500","pages-2-text-color":"#ffffff","pages-3-content":"text","pages-3":"","pages-3-text":"Parallax image 3","pages-3-link":"\/collections\/all","pages-3-height":"500","pages-3-text-color":"#ffffff","pages-4-content":"text","pages-4":"","pages-4-link":"\/collections\/all","pages-4-text":"Parallax image 4","pages-4-height":"700","pages-4-text-color":"#ffffff","pages-5-content":"text","pages-5":"","pages-5-text":"Parallax image 5","pages-5-link":"\/collections\/all","pages-5-height":"500","pages-5-text-color":"#ffffff","homepage-blog":"news","homepage-post-limit":"4","instagram-user-id":"","instagram-access-token":"","instagram-limit":"6","all-collections":"","max-height":false,"desktop-image-height":"","tablet-image-height":"","mobile-image-height":"","products_per_row":"3","products_per_page":"24","details-align":"center","vendor":false,"quickview":true,"show_collection_sidebar":true,"sticky-sidebar":true,"collection_links_1":true,"collection_side_1":"shop-by-collection","collection_links_2":true,"collection_side_2":"shop-by-product","collection_links_3":false,"collection_side_3":"","collection_links_4":false,"collection_side_4":"","shop_by_designer":false,"shop_by_designer_title":"Shop by Designer","show_product_sidebar":false,"enable-zoom":true,"thumbnails":"right","show-sku":false,"product-note":"Sample text","show-twitter-feed":false,"twitter-widget":"","show-facebook-like":false,"pagelist":"","page-sidebar-title":"","show-map":false,"map":"<iframe width=\"1200\" height=\"350\" frameborder=\"0\" scrolling=\"no\" marginheight=\"0\" marginwidth=\"0\" src=\"https:\/\/maps.google.co.uk\/maps?f=q&amp;source=s_q&amp;hl=en&amp;geocode=&amp;q=shopify+126+York+Street,+Ottawa,+ON,+Canada&amp;aq=&amp;sll=45.429265,-75.69005&amp;sspn=0.009126,0.023389&amp;g=126+York+Street,+Ottawa,+ON,+Canada&amp;ie=UTF8&amp;hq=shopify&amp;hnear=126+York+St,+Ottawa,+Ottawa+Division,+Ontario,+Canada&amp;t=m&amp;cid=11623842861239615768&amp;ll=45.437008,-75.690393&amp;spn=0.021079,0.102997&amp;z=14&amp;iwloc=A&amp;output=embed\"><\/iframe>","cart_notes_enable":true,"ajax_cart_method":"drawer","show_twitter":false,"twittername":"","show_facebook":false,"facebook_url":"","show_pinterest":false,"pinterest_url":"","show_tumblr":false,"tumblr_url":"","show_youtube":false,"youtube_url":"","show_googleplus":false,"googleplus_url":"","show_instagram":false,"instagram-id":"","show_rss":false,"popup":true,"email_popup_image":true,"mailchimp":"Your Mailchimp List URL","footer-2-links":"shop-by-collection","footer-3-links":"shop-by-product","footer_signup_text":"","show_multiple_currencies":false,"currency_format":"money_format","supported_currencies":"CAD GBP EUR AUD SGD","default_currency":"USD","checkout_use_header_image":false,"checkout_banner_background_color":"#ffffff","checkout_logo":"","checkout_headline":"","checkout_accent_color":"#2a9dcc","checkout_button_color":"#2a9dcc","checkout_call_to_action_color":"#8fc243","checkout_logo_position":"left","checkout_logo_size":"medium","checkout_use_body_background_image":false,"checkout_body_background_color":"#ffffff","checkout_input_background_color_mode":"white","checkout_use_sidebar_background_image":false,"checkout_sidebar_background_color":"#fafafa","checkout_heading_font":"Helvetica Neue","checkout_body_font":"Helvetica Neue","checkout_error_color":"#ff6d6d","Instagram-background-color":"#ffffff","pages-1-background-image":true,"pages-1-background-color":"#ffffff","pages-2-background-image":true,"pages-2-background-color":"#ffffff","banner_align":"center","transparent-header":false,"smart_collection":false,"american_express":true,"discover":true,"mastercard":true,"paypal":true,"visa":true,"custom-css":"","order-summary-background":"#fafafa","password_page_background":"#fff","password_page_logo_color":"#000","password_page_text_area_background":"rgba(0,0,0,0)","password_page_text_area_color":"#ffffff","password_page_text_area_size":"12px","password_page_email_background":"rgba(0,0,0,0)","password_page_email_border":"#fff","password_page_email-color":"#ffffff","password_page_subscribe_color":"#ffffff","password_page_subscribe_background":"rgba(0,0,0,0)","password_page_subscribe_border":"#fff","password_page_slideout_toggle_color":"#fff","password_page_slideout_background":"#ffffff","password_page_slideout_text":"#000000","password_page_icons_color":"#fff","password_page_icons_hover_color":"#dbdbdb","show-instagram-feed":false,"show_footer":"0","bottom_logo":true,"pages-3-background-image":true,"pages-3-background-color":"#fff","pages-4-background-image":true,"pages-4-background-color":"#fff","filters":"false","sort-dropdown-a-check":"true","sort_a":"BLACK, HEATHER GREY, MOONBEAM, PINK, PURPLE, WATERMELON, BLUE, SAND, GREEN, GRASS, HIBISCUS, OCEAN, HENNA, MIDNIGHT, RED, WHITE, GREY, PINK, CREAM, ARMY, INDIA PINK, OCEAN","sort-dropdown-b-check":"true","sort_b":"X SMALL, SMALL, MEDIUM, LARGE, X LARGE, XX LARGE","sort-dropdown-c-check":"true","sort_c":"TEES, LONG SLEEVE, TANKS, JEWELRY, HOODIES, SAVASANA PULLOVERS, FESTIVAL TANKS, SWEATSHIRTS, SWEATPANTS, MUSCLE TEE, HATS","homepage-single":"dresses","promo":true,"promo-background-image":true,"promo-text-color":"#000000","first-image":false,"leftlink":"\/collections\/all","second-image":false,"rightlink":"\/collections\/all","pages":true,"pages-left":"","pages-background-image":true,"pages-background-color":"#e3e3e3","homepage-products":true,"homepage-images":true,"collection_linklist_1_title":"Shop by Collection","collection_linklist_2_title":"","collection_linklist_3_title":"","collection_linklist_4_title":"","slide2":true,"slide3":true,"slide4":false,"slide5":false,"evil-popup":true,"customer_layout":"theme","smart-collection":"false","collection-links-1":"true","collection-linklist-1-title":"Shop by Collection","collection-side-1":"","collection-links-2":"false","collection-linklist-2-title":"Shop by Product","collection-side-2":"","collection-links-3":"false","collection-linklist-3-title":"Shop by Style","collection-side-3":"","collection-links-4":"false","collection-linklist-4-title":"Shop by Occasion","collection-side-4":"","shop-by-designer":"false","shop-by-designer-title":"Designers title","homepage-collection-title":"","homepage-collect-title":"","signup-text":"<h3>Signup for Awesome<\/h3>\r\n<p>Enter your email address for stock alerts, discounts, promotions and more!<\/p>\r\n<p>We will not share your data or spam you<\/p>","dankort":"false","diners":"false","forbru":"false","google":"false","jcb":"false","maestro":"true","solo":"false","web-tools":"","checkout_use_logo_image":"true","prod-text":"#ffffff","show-blog-instagram-feed":"true","prodcut-swatch":"true","product-title-size":"12px","price-size":"12px","popup-one-title":"Size Guide","popup-two-title":"Returns","popup-three-title":"Delivery","popup-four-title":"Ask us a question","popups":"true","popup-2":"true","popup-3":"true","popup-4":"true","homepage-header-pre-scroll-background-rgba":"255,255,255,0","homepage-header-background-rgba":"0,0,0,0.8","homepage-header-pre-scroll-background-rgba-ros":"255,255,255,1","homepage-header-background-rgba-ros":"255,255,255,0.9","header-background-opacity":"true","header-background-opacity-ros":"true","logo-border-color":"#000000","pages-title-color":"#ffd450","logo-border":"no","logo-border-size":"1px","homepage-header-pre-scroll-color":"#ffffff","homepage-header-color":"#000000","homepage-header-pre-scroll-hover-background-color":"#ffffff","homepage-header-pre-scroll-hover-text-color":"#ffffff","navigation":"#fafafa","nav_color":"#ffffff","nav_hover_color":"#333333","nav_hover_link_color":"#d5d5d5","nav-border-color":"#dddddd","dropdown-background":"#f5f5f5","dropdown-link-color":"#454545","dropdown-link-hover-color":"#000000","dropdown-hover-background":"#f5f5f5","header":"","header-icons":"#ffffff","header-icons-hover":"#d5d5d5","hello-color":"#000000","product-border-color":"#000000","sort-a":"Filter by Color","sort-b":"Filter by Size","sort-c":"Filter by Style","product-page-border":"#f0f0f0","product-form-background":"#ffffff","ihomepage-header-background-rgba":"","hello":"Enter some promotional text here.","nav-style":"full","nav-top-border-height":"1px","nav-bottom-border-height":"1px","hello-size":"14px","hello-weight":"300","product-border-size":"5px","enable-hello":"true","product-border":"false","subtitle":"false","midlink":"\/collections\/all","title-color":"#ffffff","video-embed":"Enter a full video embed code","homepage-display":"slideshow","caption-alignment":"center","title-font":"'Montserrat', sans-serif","title-size":"32px","title-weight":"700","caption-weight":"300","display-wide":"true","slide-1-mask":"false","slide-1-content":"true","slide-2-mask":"true","slide-2-content":"true","slide-3-mask":"true","slide-3-content":"true","slide-4-mask":"false","slide-4-content":"true","slide-5-mask":"false","slide-5-content":"true","four-per-row":"true","homepage-blog-title":"NEWS FEED","instagram_url":"http:\/\/www.instagram.com","index-links-border-color":"#eee","index-links-background-color":"#fff","index-links-text-color":"#444","index-links-background-hover-color":"#f9f9f9","index-links-text-hover-color":"#444","index-links-font":"'Montserrat', sans-serif","index-links-size":"16px","index-links-weight":"300","show-index-links":"false","index-links-border":"true","footer-1-title":"The Company...","footer-2-title":"From the Blog...","footer-3-title":"Important stuff...","footer-4-title":"Connect...","footer-background":"#2b2a2a","footer-title-color":"#fff","footer-text":"#d9d5ca","footer-hover-link":"#8a4d36","credit":"true","nav-top-border":"#f0f0f0","nav-bottom-border":"#f0f0f0","nav_dropdown_color":"#fff","dropdown_background_color":"#232323","dropdown_hover_link_color":"#ffffff","dropdown_hover_background_color":"#161616","nav_weight":"normal","dropdown-font-size":"11px","nav-border":"true","homepage-blog-title-color":"#8a4d36","homepage-blog-text-color":"#999","blog-background-color":"#f7f7f7","homepage-blog-title-align":"left","homepage-products-title-align":"center","use-blog-background-image":"false","mask":"false","homepage-products-title-color":"#8a4d36","homepage-products-background":"#fdfcf7","homepage-collections-title":"Shop by Collection","homepage-collections-title-color":"#8a4d36","homepage-collections-background":"#fff","homepage-content-1-title-color":"#000","homepage-content-1-color":"#999","homepage-content-1-background-color":"#fff","homepage-content-2-title-color":"#fff","homepage-content-2-color":"#fff","homepage-content-2-background-color":"#f7f7f7","homepage-content-3-title-color":"#000","homepage-content-3-color":"#444","homepage-content-3-background-color":"#fff","homepage-content-4-title-color":"#fff","homepage-content-4-color":"#fff","homepage-content-4-background-color":"#fff","homepage-content-5-title-color":"#000","homepage-content-5-color":"#999","homepage-content-5-background-color":"#fff","single-product-title":"A Theme for Single or Multiple Products","homepage-single-product-title-color":"#000","homepage-single-product-color":"#999","homepage-single-product-background-color":"#fff","homepage-collections-title-align":"center","index-1-align":"left","index-2-align":"left","index-3-align":"left","index-4-align":"left","index-5-align":"left","homepage-single-product-title-align":"left","page-1":"false","use-content-1-background-image":"false","content-1-mask":"false","page-2":"true","use-content-2-background-image":"true","content-2-mask":"false","page-3":"true","use-content-3-background-image":"false","content-3-mask":"false","page-4":"true","use-content-4-background-image":"true","content-4-mask":"false","page-5":"true","use-content-5-background-image":"false","content-5-mask":"false","use-homepage-single-product-background-image":"false","homepage-single-product-mask":"false","price-bold":"false","footer_hover_color":"#000","homepage-articles":"true","single-product":"true","type-background":"#fff","welcome-1":"Add a Message","welcome-2":"Add a Message","welcome-3":"Add a Message","welcome-bar":"true","shop-by-type":"true","articles":"true","soundcloud-playlist":"https:\/\/soundcloud.com\/moby\/sets\/innocents","soundcloud":"true","homepage-contact-title":"Reach out","homepage-contact-title-color":"#444","contact-background-color":"#f7f7f7","homepage-contact":"true","use-contact-background-image":"true","contact-mask":"true","slide6_url":"\/collections\/all","slide6_alt":"Slide 6 Alt Text","slide7_url":"\/collections\/all","slide7_alt":"Slide 7 Alt Text","slide8_url":"\/collections\/all","slide8_alt":"Slide 8 Alt Text","slide9_url":"\/collections\/all","slide9_alt":"Slide 9 Alt Text","slide10_url":"\/collections\/all","slide10_alt":"Slide 10 Alt Text","slide-6-check":"false","slide-7-check":"false","slide-8-check":"false","slide-9-check":"false","slide-10-check":"false","homepage-left-1-url":"\/collections\/all","homepage-left-1-alt":"homepage-left-1-alt","homepage-left-2-url":"\/collections\/all","homepage-left-2-alt":"homepage-left-2-alt","homepage-right-1-url":"\/collections\/all","homepage-right-1-alt":"homepage-right-1-alt","homepage-right-2-url":"\/collections\/all","homepage-right-2-alt":"homepage-right-2-alt","homepage-right-3-url":"\/collections\/all","homepage-right-3-alt":"homepage-right-3-alt","layout-choose":"slideshow","show-sizes":"true","vimeo_url":"Full Vimeo URL","blogger_url":"Full Blogger URL","wordpress_url":"Full Wordpress URL","show_blogger":"false","show_wordpress":"false","show_vimeo":"true","nav_border":"#d5d5d5","client-id":"Instagram Client ID","hashtag":"shopify","instagram-label":"#shopify on Instagram","instagram":"true","collection-1":"shop","collection-2":"frontpage","collection-3":"shop","popup-one":"size-guide","popup-two":"returns","popup-three":"delivery","footer-1":"the-company","footer-2":"from-the-blog","footer-3":"important","video_embed":"<iframe width=\"2560\" height=\"1440\" src=\"\/\/www.youtube.com\/embed\/jTiFCEhZeC0?rel=0&autohide=1&showinfo=0\" frameborder=\"0\" allowfullscreen><\/iframe>","block1":"homepage-collections","block2":"homepage-products","block3":"None","block4":"None","block5":"None","featured_product":"frontpage","index-links":"main-menu","index-links-hover-color":"#999","homepage-wide":"true","pages-right":"about-this-theme"}}